Already Exists,Success,SiteURL
FALSE,TRUE,https://alfalavalonline.sharepoint.com/sites/Account
FALSE,TRUE,https://alfalavalonline.sharepoint.com/sites/Achema
FALSE,TRUE,https://alfalavalonline.sharepoint.com/sites/Group-ACHEMA
FALSE,TRUE,https://alfalavalonline.sharepoint.com/sites/ADMgmtteam
FALSE,TRUE,https://alfalavalonline.sharepoint.com/sites/AdriaticManagementTeamMeetingAgendas
FALSE,TRUE,https://alfalavalonline.sharepoint.com/sites/AgroProteinSystems-BUFOS
FALSE,TRUE,https://alfalavalonline.sharepoint.com/sites/AgroPotokCPH
FALSE,TRUE,https://alfalavalonline.sharepoint.com/sites/AISISLatviaproject
FALSE,TRUE,https://alfalavalonline.sharepoint.com/sites/Aketest-sourcigtraining
FALSE,TRUE,https://alfalavalonline.sharepoint.com/sites/ALAcademyDigitalLearningNetwork
FALSE,TRUE,https://alfalavalonline.sharepoint.com/sites/ALAcademyDigitalTaskForce
FALSE,TRUE,https://alfalavalonline.sharepoint.com/sites/HRConf2017
FALSE,TRUE,https://alfalavalonline.sharepoint.com/sites/alccp
FALSE,TRUE,https://alfalavalonline.sharepoint.com/sites/ALRodemTestSite
FALSE,TRUE,https://alfalavalonline.sharepoint.com/sites/ALTurkey-ManagementTeam
FALSE,TRUE,https://alfalavalonline.sharepoint.com/sites/AL_newprojectJune6
FALSE,TRUE,https://alfalavalonline.sharepoint.com/sites/AladdinProductization
FALSE,TRUE,https://alfalavalonline.sharepoint.com/sites/alanunwin
FALSE,TRUE,https://alfalavalonline.sharepoint.com/sites/Albatross
FALSE,TRUE,https://alfalavalonline.sharepoint.com/sites/albismonitor
FALSE,TRUE,https://alfalavalonline.sharepoint.com/sites/ALBOT
FALSE,TRUE,https://alfalavalonline.sharepoint.com/sites/AldoxNampula
FALSE,TRUE,https://alfalavalonline.sharepoint.com/sites/alexander
FALSE,TRUE,https://alfalavalonline.sharepoint.com/sites/AlfaIpsum
FALSE,TRUE,https://alfalavalonline.sharepoint.com/sites/ALITRoad
FALSE,TRUE,https://alfalavalonline.sharepoint.com/sites/AlfaLavalPackinox
FALSE,TRUE,https://alfalavalonline.sharepoint.com/sites/AlfaLavalWANStrategy
FALSE,TRUE,https://alfalavalonline.sharepoint.com/sites/ALiCEmodelling
FALSE,TRUE,https://alfalavalonline.sharepoint.com/sites/ALiCE
FALSE,TRUE,https://alfalavalonline.sharepoint.com/sites/VisualStudioTeamFoundation
FALSE,TRUE,https://alfalavalonline.sharepoint.com/sites/ALTHServiceOperation
FALSE,TRUE,https://alfalavalonline.sharepoint.com/sites/AMDCIndianapolis
FALSE,TRUE,https://alfalavalonline.sharepoint.com/sites/globalprogramUAT-antest
FALSE,TRUE,https://alfalavalonline.sharepoint.com/sites/Anitatest2
FALSE,TRUE,https://alfalavalonline.sharepoint.com/sites/AnitasTo-do
FALSE,TRUE,https://alfalavalonline.sharepoint.com/sites/Apollo
FALSE,TRUE,https://alfalavalonline.sharepoint.com/sites/AppCatalog
FALSE,TRUE,https://alfalavalonline.sharepoint.com/sites/AppDev-teamet
FALSE,TRUE,https://alfalavalonline.sharepoint.com/sites/ApplicationManagementManagers
FALSE,TRUE,https://alfalavalonline.sharepoint.com/sites/AMstaff
FALSE,TRUE,https://alfalavalonline.sharepoint.com/sites/-ASNi
FALSE,TRUE,https://alfalavalonline.sharepoint.com/sites/Assistants_team_AL_Tumba
FALSE,TRUE,https://alfalavalonline.sharepoint.com/sites/NovasMaquinas
FALSE,TRUE,https://alfalavalonline.sharepoint.com/sites/AtualizarPlanilha-Nobreaks 
FALSE,TRUE,https://alfalavalonline.sharepoint.com/sites/GlobalAutomationSupply
FALSE,TRUE,https://alfalavalonline.sharepoint.com/sites/AutomationTechnologyCentre
FALSE,TRUE,https://alfalavalonline.sharepoint.com/sites/AzureDevelopment
FALSE,TRUE,https://alfalavalonline.sharepoint.com/sites/BakerHughes
FALSE,TRUE,https://alfalavalonline.sharepoint.com/sites/bangdephaseoutproject
FALSE,TRUE,https://alfalavalonline.sharepoint.com/sites/BeOne
FALSE,TRUE,https://alfalavalonline.sharepoint.com/sites/BenchmarkEXturnedpartsbyAlfaLavalpreferredsupplier
FALSE,TRUE,https://alfalavalonline.sharepoint.com/sites/BenchmarkEXturnedpartsbyAlfaLavalpreferredsupplier2
FALSE,TRUE,https://alfalavalonline.sharepoint.com/sites/BeneluxIT2
FALSE,TRUE,https://alfalavalonline.sharepoint.com/sites/BeneluxIT
FALSE,TRUE,https://alfalavalonline.sharepoint.com/sites/Beverages
FALSE,TRUE,https://alfalavalonline.sharepoint.com/sites/beyondthesteel
FALSE,TRUE,https://alfalavalonline.sharepoint.com/sites/BeyondTheSteel2
FALSE,TRUE,https://alfalavalonline.sharepoint.com/sites/BHEMaterialAssembly
FALSE,TRUE,https://alfalavalonline.sharepoint.com/sites/Biofuels
FALSE,TRUE,https://alfalavalonline.sharepoint.com/sites/BjarnesPlan
FALSE,TRUE,https://alfalavalonline.sharepoint.com/sites/Bjrnspersonligaplanering
FALSE,TRUE,https://alfalavalonline.sharepoint.com/sites/Bonus2017-Variation
FALSE,TRUE,https://alfalavalonline.sharepoint.com/sites/BPAngolaWIP
FALSE,TRUE,https://alfalavalonline.sharepoint.com/sites/Brewery2
FALSE,TRUE,https://alfalavalonline.sharepoint.com/sites/BRPHBNL
FALSE,TRUE,https://alfalavalonline.sharepoint.com/sites/DECDigitization
FALSE,TRUE,https://alfalavalonline.sharepoint.com/sites/BUDecES
FALSE,TRUE,https://alfalavalonline.sharepoint.com/sites/buens-financialreporting
FALSE,TRUE,https://alfalavalonline.sharepoint.com/sites/buensanalytics
FALSE,TRUE,https://alfalavalonline.sharepoint.com/sites/QA
FALSE,TRUE,https://alfalavalonline.sharepoint.com/sites/BUGPHEMgmtTeam
FALSE,TRUE,https://alfalavalonline.sharepoint.com/sites/BUHSS-EPDMinorprojects
FALSE,TRUE,https://alfalavalonline.sharepoint.com/sites/BUHSS-EPDProjects
FALSE,TRUE,https://alfalavalonline.sharepoint.com/sites/BUHSS-EPDPX218Specification
FALSE,TRUE,https://alfalavalonline.sharepoint.com/sites/BUHSS-RDEPDOperationsE-tuna
FALSE,TRUE,https://alfalavalonline.sharepoint.com/sites/BUHSS-R&DEPD-TetraPak
FALSE,TRUE,https://alfalavalonline.sharepoint.com/sites/BUHSS-RDTetraPak
FALSE,TRUE,https://alfalavalonline.sharepoint.com/sites/BUHSS-RDManagement
TRUE,TRUE,https://alfalavalonline.sharepoint.com/sites/BUMarineSeparationandHeatTransfer
FALSE,TRUE,https://alfalavalonline.sharepoint.com/sites/BUMarineTrainingcenter-sharedinformation
FALSE,TRUE,https://alfalavalonline.sharepoint.com/sites/BUWeldedChina
FALSE,TRUE,https://alfalavalonline.sharepoint.com/sites/BUWHEProjects
FALSE,TRUE,https://alfalavalonline.sharepoint.com/sites/BUWHETroubleshooting
FALSE,TRUE,https://alfalavalonline.sharepoint.com/sites/BU-CWHEProductDevandMechTech
FALSE,TRUE,https://alfalavalonline.sharepoint.com/sites/BUDFood
FALSE,TRUE,https://alfalavalonline.sharepoint.com/sites/BuhlerInsectCooperation
FALSE,TRUE,https://alfalavalonline.sharepoint.com/sites/BU-CWHEProductDevandMechanicalTech
FALSE,TRUE,https://alfalavalonline.sharepoint.com/sites/CAEnergyDivision
FALSE,TRUE,https://alfalavalonline.sharepoint.com/sites/CAFWD
FALSE,TRUE,https://alfalavalonline.sharepoint.com/sites/CAFOSBurconProject
FALSE,TRUE,https://alfalavalonline.sharepoint.com/sites/CAFWDProjectlist
FALSE,TRUE,https://alfalavalonline.sharepoint.com/sites/CAManagement
FALSE,TRUE,https://alfalavalonline.sharepoint.com/sites/CAMarineDivision
FALSE,TRUE,https://alfalavalonline.sharepoint.com/sites/CAOnlinePresence
FALSE,TRUE,https://alfalavalonline.sharepoint.com/sites/CAPricingTeam
FALSE,TRUE,https://alfalavalonline.sharepoint.com/sites/CAPureBallast
FALSE,TRUE,https://alfalavalonline.sharepoint.com/sites/CASalesCompany
FALSE,TRUE,https://alfalavalonline.sharepoint.com/sites/CanadaFWD
FALSE,TRUE,https://alfalavalonline.sharepoint.com/sites/CanadaFWDTest
FALSE,TRUE,https://alfalavalonline.sharepoint.com/sites/CanadianSalesChannels
FALSE,TRUE,https://alfalavalonline.sharepoint.com/sites/CFAdministration
FALSE,TRUE,https://alfalavalonline.sharepoint.com/sites/ChallengeMobilit
FALSE,TRUE,https://alfalavalonline.sharepoint.com/sites/ChannelsSouthAmerica
FALSE,TRUE,https://alfalavalonline.sharepoint.com/sites/china1test
FALSE,TRUE,https://alfalavalonline.sharepoint.com/sites/china3
FALSE,TRUE,https://alfalavalonline.sharepoint.com/sites/chinatest4
FALSE,TRUE,https://alfalavalonline.sharepoint.com/sites/Chinatest-Jean
FALSE,TRUE,https://alfalavalonline.sharepoint.com/sites/CITArchitecture&Standards
FALSE,TRUE,https://alfalavalonline.sharepoint.com/sites/CITInformationIntegration
FALSE,TRUE,https://alfalavalonline.sharepoint.com/sites/CITProductInformationConfiguration
FALSE,TRUE,https://alfalavalonline.sharepoint.com/sites/CITServiceDevelopmentMgmt
FALSE,TRUE,https://alfalavalonline.sharepoint.com/sites/CITTFSTest
FALSE,TRUE,https://alfalavalonline.sharepoint.com/sites/cit_be_grp
FALSE,TRUE,https://alfalavalonline.sharepoint.com/sites/CIT_DameWare_Admins
FALSE,TRUE,https://alfalavalonline.sharepoint.com/sites/CIT_IM_APAC
FALSE,TRUE,https://alfalavalonline.sharepoint.com/sites/cit_management_grp
FALSE,TRUE,https://alfalavalonline.sharepoint.com/sites/CLCTestUAT
FALSE,TRUE,https://alfalavalonline.sharepoint.com/sites/ESDECcoaltar
FALSE,TRUE,https://alfalavalonline.sharepoint.com/sites/CoilWoundHeatExchangersWarRoom
FALSE,TRUE,https://alfalavalonline.sharepoint.com/sites/HalldorsTeamsite
FALSE,TRUE,https://alfalavalonline.sharepoint.com/sites/Collaborationtestsite
FALSE,TRUE,https://alfalavalonline.sharepoint.com/sites/ComfortFrance
FALSE,TRUE,https://alfalavalonline.sharepoint.com/sites/ComitMobilitFontanil
FALSE,TRUE,https://alfalavalonline.sharepoint.com/sites/CommunicationSites
FALSE,TRUE,https://alfalavalonline.sharepoint.com/sites/CommunicationsBUDEC
FALSE,TRUE,https://alfalavalonline.sharepoint.com/sites/CommunicationsManagement
FALSE,TRUE,https://alfalavalonline.sharepoint.com/sites/CompablocTactonWorks
FALSE,TRUE,https://alfalavalonline.sharepoint.com/sites/ContosoFieldService
FALSE,TRUE,https://alfalavalonline.sharepoint.com/sites/CountThingsAlfaLaval
FALSE,TRUE,https://alfalavalonline.sharepoint.com/sites/WHESalesguide
FALSE,TRUE,https://alfalavalonline.sharepoint.com/sites/CRM
FALSE,TRUE,https://alfalavalonline.sharepoint.com/sites/cpo
FALSE,TRUE,https://alfalavalonline.sharepoint.com/sites/CumminsPECHE
FALSE,TRUE,https://alfalavalonline.sharepoint.com/sites/customercare
FALSE,TRUE,https://alfalavalonline.sharepoint.com/sites/WheNexonWarroom
FALSE,TRUE,https://alfalavalonline.sharepoint.com/sites/Dairy2
FALSE,TRUE,https://alfalavalonline.sharepoint.com/sites/DataCenterSemiConductor
FALSE,TRUE,https://alfalavalonline.sharepoint.com/sites/Decanter
FALSE,TRUE,https://alfalavalonline.sharepoint.com/sites/DelmonteAlrox
FALSE,TRUE,https://alfalavalonline.sharepoint.com/sites/DemoProjectPlan
FALSE,TRUE,https://alfalavalonline.sharepoint.com/sites/DemoRegister
FALSE,TRUE,https://alfalavalonline.sharepoint.com/sites/densidstevirkedeikke
FALSE,TRUE,https://alfalavalonline.sharepoint.com/sites/Denholm
FALSE,TRUE,https://alfalavalonline.sharepoint.com/sites/StaffHub2da06
FALSE,TRUE,https://alfalavalonline.sharepoint.com/sites/DesktopManagement
FALSE,TRUE,https://alfalavalonline.sharepoint.com/sites/SteamDigiLab
FALSE,TRUE,https://alfalavalonline.sharepoint.com/sites/DigitalVision
FALSE,TRUE,https://alfalavalonline.sharepoint.com/sites/CITPaaSTeam
FALSE,TRUE,https://alfalavalonline.sharepoint.com/sites/DigitalWorkplaceforum
FALSE,TRUE,https://alfalavalonline.sharepoint.com/sites/portalUAT-digitalization
FALSE,TRUE,https://alfalavalonline.sharepoint.com/sites/DivisionManagementTeam-Marine
FALSE,TRUE,https://alfalavalonline.sharepoint.com/sites/DivisionalCommunications
FALSE,TRUE,https://alfalavalonline.sharepoint.com/sites/DKKOSkypeTel
FALSE,TRUE,https://alfalavalonline.sharepoint.com/sites/DMaPortalTest
FALSE,TRUE,https://alfalavalonline.sharepoint.com/sites/globalprogramUAT-dmauatfootertest
FALSE,TRUE,https://alfalavalonline.sharepoint.com/sites/globalprogramUAT-dmauatprogram2019-10-08
FALSE,TRUE,https://alfalavalonline.sharepoint.com/sites/dowegettheteamidpublic
FALSE,TRUE,https://alfalavalonline.sharepoint.com/sites/DOWPOplantturnaround2018
FALSE,TRUE,https://alfalavalonline.sharepoint.com/sites/DowDupont
FALSE,TRUE,https://alfalavalonline.sharepoint.com/sites/dsa_restrictedaccessproject
FALSE,TRUE,https://alfalavalonline.sharepoint.com/sites/dssa_restrictedaccessproject
FALSE,TRUE,https://alfalavalonline.sharepoint.com/sites/dto_grp
FALSE,TRUE,https://alfalavalonline.sharepoint.com/sites/DV-STVaveactivities
FALSE,TRUE,https://alfalavalonline.sharepoint.com/sites/dvst_brochure_hfh
FALSE,TRUE,https://alfalavalonline.sharepoint.com/sites/Funnelsflexibles
FALSE,TRUE,https://alfalavalonline.sharepoint.com/sites/E&SBUSeparation
FALSE,TRUE,https://alfalavalonline.sharepoint.com/sites/eauctiontest
FALSE,TRUE,https://alfalavalonline.sharepoint.com/sites/EDmngt
FALSE,TRUE,https://alfalavalonline.sharepoint.com/sites/EDNORTHEAST
FALSE,TRUE,https://alfalavalonline.sharepoint.com/Sites/eDiscoveryCenter
FALSE,TRUE,https://alfalavalonline.sharepoint.com/sites/Email&EndpointProtection
FALSE,TRUE,https://alfalavalonline.sharepoint.com/sites/emailintegrationtosharepoint
FALSE,TRUE,https://alfalavalonline.sharepoint.com/sites/globalprogramUAT-emmytest
FALSE,TRUE,https://alfalavalonline.sharepoint.com/sites/portalUAT-emmytestingoct18
FALSE,TRUE,https://alfalavalonline.sharepoint.com/sites/EndeavourTo-do
FALSE,TRUE,https://alfalavalonline.sharepoint.com/sites/EnergyNordWest
FALSE,TRUE,https://alfalavalonline.sharepoint.com/sites/EnergyPA
FALSE,TRUE,https://alfalavalonline.sharepoint.com/sites/EnergyDivisionCommunications
FALSE,TRUE,https://alfalavalonline.sharepoint.com/sites/ENERGYDIVISIONPROJECTS
FALSE,TRUE,https://alfalavalonline.sharepoint.com/sites/ESCommissioningtraining
FALSE,TRUE,https://alfalavalonline.sharepoint.com/sites/EnergySeparation-MarketingPortfolioMgm
FALSE,TRUE,https://alfalavalonline.sharepoint.com/sites/ESDECslop
FALSE,TRUE,https://alfalavalonline.sharepoint.com/sites/EnergySeparation-ApplicationProduct
FALSE,TRUE,https://alfalavalonline.sharepoint.com/sites/ES-Commissioningtraining
FALSE,TRUE,https://alfalavalonline.sharepoint.com/sites/ES-ServiceHSS
FALSE,TRUE,https://alfalavalonline.sharepoint.com/sites/ENSHSSEquipmentGlobalSales
FALSE,TRUE,https://alfalavalonline.sharepoint.com/sites/entirelynewproject
FALSE,TRUE,https://alfalavalonline.sharepoint.com/sites/EquipmentTraceability
FALSE,TRUE,https://alfalavalonline.sharepoint.com/sites/ESServiceHSS
FALSE,TRUE,https://alfalavalonline.sharepoint.com/sites/ESDECcivildrilling
FALSE,TRUE,https://alfalavalonline.sharepoint.com/sites/ESDECmining
FALSE,TRUE,https://alfalavalonline.sharepoint.com/sites/Esztertesting
FALSE,TRUE,https://alfalavalonline.sharepoint.com/sites/ExhibitionMasterDocuments
Not Found,TRUE,https://alfalavalonline.sharepoint.com/sites/ExhibitionsProtein
FALSE,TRUE,https://alfalavalonline.sharepoint.com/sites/ExternalWebHelp
FALSE,TRUE,https://alfalavalonline.sharepoint.com/sites/Extranet2
FALSE,TRUE,https://alfalavalonline.sharepoint.com/sites/FarewellAntonio
FALSE,TRUE,https://alfalavalonline.sharepoint.com/sites/Fazerextenso
FALSE,TRUE,https://alfalavalonline.sharepoint.com/sites/FDANavalgroup
FALSE,TRUE,https://alfalavalonline.sharepoint.com/sites/FIDec512
FALSE,TRUE,https://alfalavalonline.sharepoint.com/sites/FIDecMeatFish
FALSE,TRUE,https://alfalavalonline.sharepoint.com/sites/FIDecOH
TRUE,TRUE,https://alfalavalonline.sharepoint.com/sites/service-fieldservice
FALSE,TRUE,https://alfalavalonline.sharepoint.com/sites/Fightingguide
FALSE,TRUE,https://alfalavalonline.sharepoint.com/sites/RKLeninaGavrilov
FALSE,TRUE,https://alfalavalonline.sharepoint.com/sites/Financeplan
FALSE,TRUE,https://alfalavalonline.sharepoint.com/sites/FinancialForecastingtoolproject
FALSE,TRUE,https://alfalavalonline.sharepoint.com/sites/FleetAgreementVertom-Bojen
FALSE,TRUE,https://alfalavalonline.sharepoint.com/sites/FoodWater 
FALSE,TRUE,https://alfalavalonline.sharepoint.com/sites/FoodWaterComms
FALSE,TRUE,https://alfalavalonline.sharepoint.com/sites/FoodandWater
FALSE,TRUE,https://alfalavalonline.sharepoint.com/sites/FoodIndustryDecanters-FIDec
FALSE,TRUE,https://alfalavalonline.sharepoint.com/sites/FoodIndustryDecanters
FALSE,TRUE,https://alfalavalonline.sharepoint.com/sites/FIDec
FALSE,TRUE,https://alfalavalonline.sharepoint.com/sites/Forecastcustomerordermanagement-Caterpillar
FALSE,TRUE,https://alfalavalonline.sharepoint.com/sites/FramoFlatoyAS-Sharing
FALSE,TRUE,https://alfalavalonline.sharepoint.com/sites/Framotest
FALSE,TRUE,https://alfalavalonline.sharepoint.com/sites/OrcaCBT
FALSE,TRUE,https://alfalavalonline.sharepoint.com/sites/FresnoServiceCenter
FALSE,TRUE,https://alfalavalonline.sharepoint.com/sites/FresnoServiceCenterPlanning
FALSE,TRUE,https://alfalavalonline.sharepoint.com/sites/FWDZA
FALSE,TRUE,https://alfalavalonline.sharepoint.com/sites/FWGimprovementteam
Not Found,TRUE,https://alfalavalonline.sharepoint.com/sites/Reunindegerenciasmedias
FALSE,TRUE,https://alfalavalonline.sharepoint.com/sites/GFCAnalytics
FALSE,TRUE,https://alfalavalonline.sharepoint.com/sites/GILComes
FALSE,TRUE,https://alfalavalonline.sharepoint.com/sites/CargillGlobalTenderforHSSandDEC
FALSE,TRUE,https://alfalavalonline.sharepoint.com/sites/GlobalSvcAgreements-PureBallast
FALSE,TRUE,https://alfalavalonline.sharepoint.com/sites/GlobalSales
FALSE,TRUE,https://alfalavalonline.sharepoint.com/sites/Team_GlobalServiceprojectCustomerInsights
FALSE,TRUE,https://alfalavalonline.sharepoint.com/sites/GlobalServiceprojectPerformanceAgreement
FALSE,TRUE,https://alfalavalonline.sharepoint.com/sites/BUDSGlobalServiceTechnology
FALSE,TRUE,https://alfalavalonline.sharepoint.com/sites/globalservice_grp
FALSE,TRUE,https://alfalavalonline.sharepoint.com/sites/Team_GlobalServiceprojectPerformanceAgreement
FALSE,TRUE,https://alfalavalonline.sharepoint.com/sites/GPHECoreTeam
FALSE,TRUE,https://alfalavalonline.sharepoint.com/sites/GPHEProcesssales
FALSE,TRUE,https://alfalavalonline.sharepoint.com/sites/GPHEServiceAuditandMaintenanceTraining
FALSE,TRUE,https://alfalavalonline.sharepoint.com/sites/GroupIndirectProcurement
FALSE,TRUE,https://alfalavalonline.sharepoint.com/sites/HaarslevKAM-TEAMSite
FALSE,TRUE,https://alfalavalonline.sharepoint.com/sites/Hkansfrsteproject
FALSE,TRUE,https://alfalavalonline.sharepoint.com/sites/hawkeyerealtime
FALSE,TRUE,https://alfalavalonline.sharepoint.com/sites/HeatTransferServiceSales
FALSE,TRUE,https://alfalavalonline.sharepoint.com/sites/HelpdeskFAQ
FALSE,TRUE,https://alfalavalonline.sharepoint.com/sites/hemmabakat
FALSE,TRUE,https://alfalavalonline.sharepoint.com/sites/HFH
TRUE,TRUE,https://alfalavalonline.sharepoint.com/sites/how-we-work-prototype
FALSE,TRUE,https://alfalavalonline.sharepoint.com/sites/HRPeopleDevelopment
FALSE,TRUE,https://alfalavalonline.sharepoint.com/sites/HRTumba
FALSE,TRUE,https://alfalavalonline.sharepoint.com/sites/HSSCostReductionforAsiaFlexModule
FALSE,TRUE,https://alfalavalonline.sharepoint.com/sites/HSSRoadmap-Tumba
FALSE,TRUE,https://alfalavalonline.sharepoint.com/sites/HSSSalesTools
FALSE,TRUE,https://alfalavalonline.sharepoint.com/sites/HSSTrainingCommunity
FALSE,TRUE,https://alfalavalonline.sharepoint.com/sites/HSSZA
FALSE,TRUE,https://alfalavalonline.sharepoint.com/sites/IACentralEurope
FALSE,TRUE,https://alfalavalonline.sharepoint.com/sites/Team_GlobalServiceprojectRightSalesrequirement
FALSE,TRUE,https://alfalavalonline.sharepoint.com/sites/Team_GlobalServiceprojectIBfuturevision
FALSE,TRUE,https://alfalavalonline.sharepoint.com/sites/IBCPTET
FALSE,TRUE,https://alfalavalonline.sharepoint.com/sites/ICC
TRUE,TRUE,https://alfalavalonline.sharepoint.com/sites/ICC1
FALSE,TRUE,https://alfalavalonline.sharepoint.com/sites/IFAT
FALSE,TRUE,https://alfalavalonline.sharepoint.com/sites/IFAT2018WaterHub
FALSE,TRUE,https://alfalavalonline.sharepoint.com/sites/Exhibits-IFAT
FALSE,TRUE,https://alfalavalonline.sharepoint.com/sites/IFATOnSite
FALSE,TRUE,https://alfalavalonline.sharepoint.com/sites/Ignite2017
FALSE,TRUE,https://alfalavalonline.sharepoint.com/sites/Team_CIT_Infrastructure_Mgmt_EMEA
FALSE,TRUE,https://alfalavalonline.sharepoint.com/sites/IMGlobal
FALSE,TRUE,https://alfalavalonline.sharepoint.com/sites/ImportantRequests
FALSE,TRUE,https://alfalavalonline.sharepoint.com/sites/IndustrialFluids
FALSE,TRUE,https://alfalavalonline.sharepoint.com/sites/ESDECIWW
FALSE,TRUE,https://alfalavalonline.sharepoint.com/sites/Industrysitesconcept
FALSE,TRUE,https://alfalavalonline.sharepoint.com/sites/Pianodedecisione
FALSE,TRUE,https://alfalavalonline.sharepoint.com/sites/SecurityOperations717
FALSE,TRUE,https://alfalavalonline.sharepoint.com/sites/InformationSecurity
FALSE,TRUE,https://alfalavalonline.sharepoint.com/sites/InformationSecurityCollaboration
FALSE,TRUE,https://alfalavalonline.sharepoint.com/sites/InstalledBases
FALSE,TRUE,https://alfalavalonline.sharepoint.com/sites/installedbasetest
FALSE,TRUE,https://alfalavalonline.sharepoint.com/sites/IntegrationSupport
FALSE,TRUE,https://alfalavalonline.sharepoint.com/sites/Integritytesting-GPHEservice
TRUE,TRUE,https://alfalavalonline.sharepoint.com/sites/service-internationalmarineservice
FALSE,TRUE,https://alfalavalonline.sharepoint.com/sites/intouchanalytics
FALSE,TRUE,https://alfalavalonline.sharepoint.com/sites/InTouchRussia
FALSE,TRUE,https://alfalavalonline.sharepoint.com/sites/InTouchRussia2
FALSE,TRUE,https://alfalavalonline.sharepoint.com/sites/Introducenewweldingequipment
FALSE,TRUE,https://alfalavalonline.sharepoint.com/sites/InvestmentcastingNewsupplier
FALSE,TRUE,https://alfalavalonline.sharepoint.com/sites/iscala_test
FALSE,TRUE,https://alfalavalonline.sharepoint.com/sites/IT
FALSE,TRUE,https://alfalavalonline.sharepoint.com/sites/ITandPrimePerformanceProjects
FALSE,TRUE,https://alfalavalonline.sharepoint.com/sites/ITFRNE
FALSE,TRUE,https://alfalavalonline.sharepoint.com/sites/CIT_Project_Portfolio_Management
FALSE,TRUE,https://alfalavalonline.sharepoint.com/sites/ITServiceDeskChina
FALSE,TRUE,https://alfalavalonline.sharepoint.com/sites/ITSolutionDocumentation
FALSE,TRUE,https://alfalavalonline.sharepoint.com/sites/EnergyMidEurope
TRUE,TRUE,https://alfalavalonline.sharepoint.com/sites/IT-ShowbackRegister
FALSE,TRUE,https://alfalavalonline.sharepoint.com/sites/JacquelineNjord
FALSE,TRUE,https://alfalavalonline.sharepoint.com/sites/Jardox
FALSE,TRUE,https://alfalavalonline.sharepoint.com/sites/Joakim
FALSE,TRUE,https://alfalavalonline.sharepoint.com/sites/Jonas-Test
FALSE,TRUE,https://alfalavalonline.sharepoint.com/sites/jonastest
FALSE,TRUE,https://alfalavalonline.sharepoint.com/sites/jonastest54
FALSE,TRUE,https://alfalavalonline.sharepoint.com/sites/jonastest2
FALSE,TRUE,https://alfalavalonline.sharepoint.com/sites/jonastest88
FALSE,TRUE,https://alfalavalonline.sharepoint.com/sites/JornadadeLimpiezaenlaBodega
FALSE,TRUE,https://alfalavalonline.sharepoint.com/sites/WagenborgKAMteam
FALSE,TRUE,https://alfalavalonline.sharepoint.com/sites/KathabarBusinessPlan
FALSE,TRUE,https://alfalavalonline.sharepoint.com/sites/globalprogramUAT-kdrtest02
FALSE,TRUE,https://alfalavalonline.sharepoint.com/sites/globalprogramUAT-kdrtest1121092019
FALSE,TRUE,https://alfalavalonline.sharepoint.com/sites/globalprogramUAT-kdrtest4121092019
FALSE,TRUE,https://alfalavalonline.sharepoint.com/sites/globalprogramUAT-kdrtestportalsitecreation3
FALSE,TRUE,https://alfalavalonline.sharepoint.com/sites/globalprogramUAT-kdrportaltest1
FALSE,TRUE,https://alfalavalonline.sharepoint.com/sites/KenoshaSanitaryFluidhandling
FALSE,TRUE,https://alfalavalonline.sharepoint.com/sites/Engines
FALSE,TRUE,https://alfalavalonline.sharepoint.com/sites/lasttestfornow
FALSE,TRUE,https://alfalavalonline.sharepoint.com/sites/LATAMPartnerDayscollaborationsite
FALSE,TRUE,https://alfalavalonline.sharepoint.com/sites/LatinAmericaAMServiceDesk
FALSE,TRUE,https://alfalavalonline.sharepoint.com/sites/letstrythisagain
FALSE,TRUE,https://alfalavalonline.sharepoint.com/sites/lifescience
FALSE,TRUE,https://alfalavalonline.sharepoint.com/sites/Lilian
FALSE,TRUE,https://alfalavalonline.sharepoint.com/sites/Liliantst
FALSE,TRUE,https://alfalavalonline.sharepoint.com/sites/LocalITFontanil-Nevers
FALSE,TRUE,https://alfalavalonline.sharepoint.com/sites/Team_Global_Service_Management
FALSE,TRUE,https://alfalavalonline.sharepoint.com/sites/lskdjfo
FALSE,TRUE,https://alfalavalonline.sharepoint.com/sites/Lunar
FALSE,TRUE,https://alfalavalonline.sharepoint.com/sites/M3logonnotworkingOne4ALDevTestPreprod
FALSE,TRUE,https://alfalavalonline.sharepoint.com/sites/M30PressureTest
FALSE,TRUE,https://alfalavalonline.sharepoint.com/sites/MakeWarehouse
FALSE,TRUE,https://alfalavalonline.sharepoint.com/sites/MakeMorePlates-BlackBeltproject
FALSE,TRUE,https://alfalavalonline.sharepoint.com/sites/ManagementTeamColVenPa
FALSE,TRUE,https://alfalavalonline.sharepoint.com/sites/MarineDivision
FALSE,TRUE,https://alfalavalonline.sharepoint.com/sites/FuelGas
FALSE,TRUE,https://alfalavalonline.sharepoint.com/sites/marinepowerbi-testversion
FALSE,TRUE,https://alfalavalonline.sharepoint.com/sites/marineservicechina
FALSE,TRUE,https://alfalavalonline.sharepoint.com/sites/groupsinvestigation
FALSE,TRUE,https://alfalavalonline.sharepoint.com/sites/MidEuropeCommunicationsTeam
FALSE,TRUE,https://alfalavalonline.sharepoint.com/sites/MidEuropeEnergyManagementTeam
FALSE,TRUE,https://alfalavalonline.sharepoint.com/sites/-MiddleEast
FALSE,TRUE,https://alfalavalonline.sharepoint.com/sites/-Minelinks
FALSE,TRUE,https://alfalavalonline.sharepoint.com/sites/MiningTestSite
FALSE,TRUE,https://alfalavalonline.sharepoint.com/sites/Mission
FALSE,TRUE,https://alfalavalonline.sharepoint.com/sites/Mobility
FALSE,TRUE,https://alfalavalonline.sharepoint.com/sites/ModernTeamsite
FALSE,TRUE,https://alfalavalonline.sharepoint.com/sites/morningtestinchina
FALSE,TRUE,https://alfalavalonline.sharepoint.com/sites/msenterpriseagreement2017_grp
FALSE,TRUE,https://alfalavalonline.sharepoint.com/sites/MSCPIProject
FALSE,TRUE,https://alfalavalonline.sharepoint.com/sites/-MSHServiceCollaboration
FALSE,TRUE,https://alfalavalonline.sharepoint.com/sites/mynewproject
FALSE,TRUE,https://alfalavalonline.sharepoint.com/sites/Mynewproject2
FALSE,TRUE,https://alfalavalonline.sharepoint.com/sites/globalprogramUAT-myownpersonalsite
FALSE,TRUE,https://alfalavalonline.sharepoint.com/sites/MyPresentReadyandUnique
FALSE,TRUE,https://alfalavalonline.sharepoint.com/sites/Myproject
FALSE,TRUE,https://alfalavalonline.sharepoint.com/sites/Myprojectfortest
FALSE,TRUE,https://alfalavalonline.sharepoint.com/sites/Nathalietest
FALSE,TRUE,https://alfalavalonline.sharepoint.com/sites/ExhibitionManagementProcessandTemplates
FALSE,TRUE,https://alfalavalonline.sharepoint.com/sites/newproject
FALSE,TRUE,https://alfalavalonline.sharepoint.com/sites/Newproject1
FALSE,TRUE,https://alfalavalonline.sharepoint.com/sites/Newprojectfromnewapp
FALSE,TRUE,https://alfalavalonline.sharepoint.com/sites/newprojectJune6
FALSE,TRUE,https://alfalavalonline.sharepoint.com/sites/newprojectJune6665
FALSE,TRUE,https://alfalavalonline.sharepoint.com/sites/newteamtest
FALSE,TRUE,https://alfalavalonline.sharepoint.com/sites/globalprogramUAT-newtestportal
FALSE,TRUE,https://alfalavalonline.sharepoint.com/sites/globalprogramUAT-newtestportalwinston
FALSE,TRUE,https://alfalavalonline.sharepoint.com/sites/NewsTestSite
FALSE,TRUE,https://alfalavalonline.sharepoint.com/sites/Tacton
FALSE,TRUE,https://alfalavalonline.sharepoint.com/sites/NorthAmericanServiceCenters
FALSE,TRUE,https://alfalavalonline.sharepoint.com/sites/noteseol
FALSE,TRUE,https://alfalavalonline.sharepoint.com/sites/November1st
FALSE,TRUE,https://alfalavalonline.sharepoint.com/sites/NWPartsService
FALSE,TRUE,https://alfalavalonline.sharepoint.com/sites/O365MobilityMFA&CA
FALSE,TRUE,https://alfalavalonline.sharepoint.com/sites/IntuneMDMpilot
FALSE,TRUE,https://alfalavalonline.sharepoint.com/sites/O365TechnicalTeam
FALSE,TRUE,https://alfalavalonline.sharepoint.com/sites/OD-TD
FALSE,TRUE,https://alfalavalonline.sharepoint.com/sites/Office365Training2
FALSE,TRUE,https://alfalavalonline.sharepoint.com/sites/Office365Training
FALSE,TRUE,https://alfalavalonline.sharepoint.com/sites/ALsOffice365Community
FALSE,TRUE,https://alfalavalonline.sharepoint.com/sites/CivilDrilling2
FALSE,TRUE,https://alfalavalonline.sharepoint.com/sites/OliveOil
TRUE,TRUE,https://alfalavalonline.sharepoint.com/sites/One-IT
FALSE,TRUE,https://alfalavalonline.sharepoint.com/sites/Onemorefortheroad
FALSE,TRUE,https://alfalavalonline.sharepoint.com/sites/One4AL-Syncron
FALSE,TRUE,https://alfalavalonline.sharepoint.com/sites/One4ALR5.1.3.0
FALSE,TRUE,https://alfalavalonline.sharepoint.com/sites/RightSalesImplementationProject
FALSE,TRUE,https://alfalavalonline.sharepoint.com/sites/OnePLMEngineeringChangeinServiceNow
FALSE,TRUE,https://alfalavalonline.sharepoint.com/sites/OnlineCommunication
FALSE,TRUE,https://alfalavalonline.sharepoint.com/sites/OnlineCommunications
FALSE,TRUE,https://alfalavalonline.sharepoint.com/sites/OpdateresSQL
FALSE,TRUE,https://alfalavalonline.sharepoint.com/sites/OperationalPlans
FALSE,TRUE,https://alfalavalonline.sharepoint.com/sites/OperationsRichmond
FALSE,TRUE,https://alfalavalonline.sharepoint.com/sites/Oramento
FALSE,TRUE,https://alfalavalonline.sharepoint.com/sites/org-chart-pilot
FALSE,TRUE,https://alfalavalonline.sharepoint.com/sites/OrgChartPilot
TRUE,TRUE,https://alfalavalonline.sharepoint.com/sites/OrgChartQA
FALSE,TRUE,https://alfalavalonline.sharepoint.com/sites/Organizationsite
FALSE,TRUE,https://alfalavalonline.sharepoint.com/sites/globalprogramUAT-ownerkdeditordmitrij
FALSE,TRUE,https://alfalavalonline.sharepoint.com/sites/P3testteam
FALSE,TRUE,https://alfalavalonline.sharepoint.com/sites/PAM-project
FALSE,TRUE,https://alfalavalonline.sharepoint.com/sites/ParDev
FALSE,TRUE,https://alfalavalonline.sharepoint.com/sites/LatinAmericaFieldService
FALSE,TRUE,https://alfalavalonline.sharepoint.com/sites/PartnerClusterTeam
FALSE,TRUE,https://alfalavalonline.sharepoint.com/sites/ext-PartnerDays
FALSE,TRUE,https://alfalavalonline.sharepoint.com/sites/PartnerManagementSystem
FALSE,TRUE,https://alfalavalonline.sharepoint.com/sites/PelagiaUK
FALSE,TRUE,https://alfalavalonline.sharepoint.com/sites/peopleprosharetermmapping
FALSE,TRUE,https://alfalavalonline.sharepoint.com/sites/PerformanceImprovement
FALSE,TRUE,https://alfalavalonline.sharepoint.com/sites/Personalstiftelsen-AlfaLaval
FALSE,TRUE,https://alfalavalonline.sharepoint.com/sites/PGGPHE
FALSE,TRUE,https://alfalavalonline.sharepoint.com/sites/PGGPHEItallstartswithYOU
FALSE,TRUE,https://alfalavalonline.sharepoint.com/sites/PGGPHEOperation-SeetheLight
FALSE,TRUE,https://alfalavalonline.sharepoint.com/sites/PGGPHETogetherisBetter-PhysicalMeetings
FALSE,TRUE,https://alfalavalonline.sharepoint.com/sites/PharmaTeam
FALSE,TRUE,https://alfalavalonline.sharepoint.com/sites/Philippines
FALSE,TRUE,https://alfalavalonline.sharepoint.com/sites/PIG-PROTEINIndustryNetwork
FALSE,TRUE,https://alfalavalonline.sharepoint.com/sites/PIMProject
FALSE,TRUE,https://alfalavalonline.sharepoint.com/sites/Pingpingsampleproject
FALSE,TRUE,https://alfalavalonline.sharepoint.com/sites/pingpingsampleproject2
FALSE,TRUE,https://alfalavalonline.sharepoint.com/sites/pingpingsampleproject3
FALSE,TRUE,https://alfalavalonline.sharepoint.com/sites/plannerTestSite
FALSE,TRUE,https://alfalavalonline.sharepoint.com/sites/PMDesalination
FALSE,TRUE,https://alfalavalonline.sharepoint.com/sites/PM-Desalination
FALSE,TRUE,https://alfalavalonline.sharepoint.com/sites/PMO
FALSE,TRUE,https://alfalavalonline.sharepoint.com/sites/PMT
TRUE,TRUE,https://alfalavalonline.sharepoint.com/sites/portalsitelanding
TRUE,TRUE,https://alfalavalonline.sharepoint.com/sites/portalsitelandinguat
FALSE,TRUE,https://alfalavalonline.sharepoint.com/sites/PortfolioforAndroid-Beta
FALSE,TRUE,https://alfalavalonline.sharepoint.com/sites/PortfolioManagers
FALSE,TRUE,https://alfalavalonline.sharepoint.com/sites/PortifolioManagers
FALSE,TRUE,https://alfalavalonline.sharepoint.com/sites/Poseidon-external
FALSE,TRUE,https://alfalavalonline.sharepoint.com/sites/PresentIttest
FALSE,TRUE,https://alfalavalonline.sharepoint.com/sites/Pre-viewcollaborationsite
FALSE,TRUE,https://alfalavalonline.sharepoint.com/sites/PriceAnalysisTool
FALSE,TRUE,https://alfalavalonline.sharepoint.com/sites/PricingLogBookOnlineTest
FALSE,TRUE,https://alfalavalonline.sharepoint.com/sites/privat
FALSE,TRUE,https://alfalavalonline.sharepoint.com/sites/Private
FALSE,TRUE,https://alfalavalonline.sharepoint.com/sites/prod1
FALSE,TRUE,https://alfalavalonline.sharepoint.com/sites/prod2
FALSE,TRUE,https://alfalavalonline.sharepoint.com/sites/prod7
FALSE,TRUE,https://alfalavalonline.sharepoint.com/sites/Productconfiguration2
FALSE,TRUE,https://alfalavalonline.sharepoint.com/sites/ProductConfiguration
FALSE,TRUE,https://alfalavalonline.sharepoint.com/sites/ProjectOffice365
FALSE,TRUE,https://alfalavalonline.sharepoint.com/sites/pwa
FALSE,TRUE,https://alfalavalonline.sharepoint.com/sites/Protein
FALSE,TRUE,https://alfalavalonline.sharepoint.com/sites/PIG-PROTEINIndustryGroup-SHAREpoint
FALSE,TRUE,https://alfalavalonline.sharepoint.com/sites/ProteinTeamWebsite
FALSE,TRUE,https://alfalavalonline.sharepoint.com/sites/Prova
FALSE,TRUE,https://alfalavalonline.sharepoint.com/sites/PublicTeamsite
FALSE,TRUE,https://alfalavalonline.sharepoint.com/sites/PublicTestteam
FALSE,TRUE,https://alfalavalonline.sharepoint.com/sites/ESDECpulpandpaper
FALSE,TRUE,https://alfalavalonline.sharepoint.com/sites/Pureleadership44
FALSE,TRUE,https://alfalavalonline.sharepoint.com/sites/QALocalSiteDemo1
FALSE,TRUE,https://alfalavalonline.sharepoint.com/sites/QHSE
FALSE,TRUE,https://alfalavalonline.sharepoint.com/sites/Quotazione
FALSE,TRUE,https://alfalavalonline.sharepoint.com/sites/Quotazione2
FALSE,TRUE,https://alfalavalonline.sharepoint.com/sites/R&DLundTestPanel
FALSE,TRUE,https://alfalavalonline.sharepoint.com/sites/Raymond-test
FALSE,TRUE,https://alfalavalonline.sharepoint.com/sites/RefineryIndustri
FALSE,TRUE,https://alfalavalonline.sharepoint.com/sites/RegionalCommunicationsManagers
FALSE,TRUE,https://alfalavalonline.sharepoint.com/sites/Rehnsplanering
FALSE,TRUE,https://alfalavalonline.sharepoint.com/sites/RenewableMapCollaborationsite
FALSE,TRUE,https://alfalavalonline.sharepoint.com/sites/restrictedaccessproject
FALSE,TRUE,https://alfalavalonline.sharepoint.com/sites/RH
FALSE,TRUE,https://alfalavalonline.sharepoint.com/sites/RKLeninaproject
FALSE,TRUE,https://alfalavalonline.sharepoint.com/sites/RUMOALPITIS
FALSE,TRUE,https://alfalavalonline.sharepoint.com/sites/sa_newprojectJune6
FALSE,TRUE,https://alfalavalonline.sharepoint.com/sites/sa_restrictedaccessproject
FALSE,TRUE,https://alfalavalonline.sharepoint.com/sites/SafetyCampaigninKorea20182019
FALSE,TRUE,https://alfalavalonline.sharepoint.com/sites/Sales
FALSE,TRUE,https://alfalavalonline.sharepoint.com/sites/TeamPriceAnalysisandSalesTool
FALSE,TRUE,https://alfalavalonline.sharepoint.com/sites/salesanalytics
FALSE,TRUE,https://alfalavalonline.sharepoint.com/sites/SalesTeam
FALSE,TRUE,https://alfalavalonline.sharepoint.com/sites/Salesforce-ENSHSSEquipmentSales
FALSE,TRUE,https://alfalavalonline.sharepoint.com/sites/SallyMigrationPortal
FALSE,TRUE,https://alfalavalonline.sharepoint.com/sites/SARIA
FALSE,TRUE,https://alfalavalonline.sharepoint.com/sites/SEAFinance
FALSE,TRUE,https://alfalavalonline.sharepoint.com/sites/SEAITIS
FALSE,TRUE,https://alfalavalonline.sharepoint.com/sites/SEARPTeam
FALSE,TRUE,https://alfalavalonline.sharepoint.com/sites/SecoolALF
FALSE,TRUE,https://alfalavalonline.sharepoint.com/sites/SecurityOperations405
FALSE,TRUE,https://alfalavalonline.sharepoint.com/sites/SecurityOperations
FALSE,TRUE,https://alfalavalonline.sharepoint.com/sites/ServiceSPE
FALSE,TRUE,https://alfalavalonline.sharepoint.com/sites/September2019
FALSE,TRUE,https://alfalavalonline.sharepoint.com/sites/September2019410
FALSE,TRUE,https://alfalavalonline.sharepoint.com/sites/Service365
TRUE,TRUE,https://alfalavalonline.sharepoint.com/sites/service-servicecentre
FALSE,TRUE,https://alfalavalonline.sharepoint.com/sites/ServiceDeliveryManagement
FALSE,TRUE,https://alfalavalonline.sharepoint.com/sites/temp_servicedesk_grp
FALSE,TRUE,https://alfalavalonline.sharepoint.com/sites/ServiceDivision-Parts
FALSE,TRUE,https://alfalavalonline.sharepoint.com/sites/ServiceDivisionManagementTeam
FALSE,TRUE,https://alfalavalonline.sharepoint.com/sites/ServiceEnergy
FALSE,TRUE,https://alfalavalonline.sharepoint.com/sites/ServiceEnergyEPS
FALSE,TRUE,https://alfalavalonline.sharepoint.com/sites/ServiceEnergyHVAC-IBManagement
FALSE,TRUE,https://alfalavalonline.sharepoint.com/sites/ServiceIndustry
FALSE,TRUE,https://alfalavalonline.sharepoint.com/sites/ServiceOperationsBenelux
TRUE,TRUE,https://alfalavalonline.sharepoint.com/sites/service-servicesales
FALSE,TRUE,https://alfalavalonline.sharepoint.com/sites/ServiceSalesTeam
FALSE,TRUE,https://alfalavalonline.sharepoint.com/sites/ServiceNowIT
FALSE,TRUE,https://alfalavalonline.sharepoint.com/sites/SEUClusteEnergySeparation
FALSE,TRUE,https://alfalavalonline.sharepoint.com/sites/CommunicationSite
TRUE,TRUE,https://alfalavalonline.sharepoint.com/sites/ShareDemoCommSite
FALSE,TRUE,https://alfalavalonline.sharepoint.com/sites/ShareEvolutionProjectTeamsite
FALSE,TRUE,https://alfalavalonline.sharepoint.com/sites/ShareinO365Training
TRUE,TRUE,https://alfalavalonline.sharepoint.com/sites/shareQA
FALSE,TRUE,https://alfalavalonline.sharepoint.com/sites/SHAREupdateproject
FALSE,TRUE,https://alfalavalonline.sharepoint.com/sites/SharePointModernTeamsite
FALSE,TRUE,https://alfalavalonline.sharepoint.com/sites/SharePointStuff
FALSE,TRUE,https://alfalavalonline.sharepoint.com/sites/SharePointSupport
FALSE,TRUE,https://alfalavalonline.sharepoint.com/sites/ShipownerRelationshipManagement-Public
FALSE,TRUE,https://alfalavalonline.sharepoint.com/sites/Skype2Teamsjourney
FALSE,TRUE,https://alfalavalonline.sharepoint.com/sites/Team_SkypeTel_admins
FALSE,TRUE,https://alfalavalonline.sharepoint.com/sites/SkypeTel
FALSE,TRUE,https://alfalavalonline.sharepoint.com/sites/SkypetelCanada
FALSE,TRUE,https://alfalavalonline.sharepoint.com/sites/SkypetelDEAUCH
FALSE,TRUE,https://alfalavalonline.sharepoint.com/sites/test4
FALSE,TRUE,https://alfalavalonline.sharepoint.com/sites/SkypetelOslo
FALSE,TRUE,https://alfalavalonline.sharepoint.com/sites/Nissestestteam
FALSE,TRUE,https://alfalavalonline.sharepoint.com/sites/USTelephony
FALSE,TRUE,https://alfalavalonline.sharepoint.com/sites/Sludge
FALSE,TRUE,https://alfalavalonline.sharepoint.com/sites/SmartPricingUK
FALSE,TRUE,https://alfalavalonline.sharepoint.com/sites/Exhibitions-SMM
FALSE,TRUE,https://alfalavalonline.sharepoint.com/sites/SMM2020
FALSE,TRUE,https://alfalavalonline.sharepoint.com/sites/sometging
FALSE,TRUE,https://alfalavalonline.sharepoint.com/sites/something
FALSE,TRUE,https://alfalavalonline.sharepoint.com/sites/Souringtraining_Test
FALSE,TRUE,https://alfalavalonline.sharepoint.com/sites/SpiralTactonWorks
FALSE,TRUE,https://alfalavalonline.sharepoint.com/sites/spm
FALSE,TRUE,https://alfalavalonline.sharepoint.com/sites/SPMAdmin
FALSE,TRUE,https://alfalavalonline.sharepoint.com/sites/SPMAdriatic
FALSE,TRUE,https://alfalavalonline.sharepoint.com/sites/SPMFrance
FALSE,TRUE,https://alfalavalonline.sharepoint.com/sites/SPMIberica
FALSE,TRUE,https://alfalavalonline.sharepoint.com/sites/SPM-CRMDEV
FALSE,TRUE,https://alfalavalonline.sharepoint.com/sites/SPM-CRMPREPROD
FALSE,TRUE,https://alfalavalonline.sharepoint.com/sites/SPM-CRMPROD
FALSE,TRUE,https://alfalavalonline.sharepoint.com/sites/SPOnlinePre-study1
FALSE,TRUE,https://alfalavalonline.sharepoint.com/sites/SPOTEAMS
FALSE,TRUE,https://alfalavalonline.sharepoint.com/sites/SSPExtranet
FALSE,TRUE,https://alfalavalonline.sharepoint.com/sites/Starch
FALSE,TRUE,https://alfalavalonline.sharepoint.com/sites/PMExhibitions
TRUE,TRUE,https://alfalavalonline.sharepoint.com/sites/service-strategyandperformance
FALSE,TRUE,https://alfalavalonline.sharepoint.com/sites/Strategyplateandcassettemanufacturing
FALSE,TRUE,https://alfalavalonline.sharepoint.com/sites/Sugar
FALSE,TRUE,https://alfalavalonline.sharepoint.com/sites/SupplierManagement
FALSE,TRUE,https://alfalavalonline.sharepoint.com/sites/SupplierQualityAssuranceHSS&DEC
FALSE,TRUE,https://alfalavalonline.sharepoint.com/sites/CITERPCRM
FALSE,TRUE,https://alfalavalonline.sharepoint.com/sites/SyncrudeServiceRDteam
FALSE,TRUE,https://alfalavalonline.sharepoint.com/sites/SystemsupportLund
FALSE,TRUE,https://alfalavalonline.sharepoint.com/sites/TactonUsersTeam
FALSE,TRUE,https://alfalavalonline.sharepoint.com/sites/test3
FALSE,TRUE,https://alfalavalonline.sharepoint.com/sites/Tarefas
FALSE,TRUE,https://alfalavalonline.sharepoint.com/sites/team10
FALSE,TRUE,https://alfalavalonline.sharepoint.com/sites/team11
FALSE,TRUE,https://alfalavalonline.sharepoint.com/sites/team12
FALSE,TRUE,https://alfalavalonline.sharepoint.com/sites/team13
FALSE,TRUE,https://alfalavalonline.sharepoint.com/sites/Team_CIT_Digital_Infomation
FALSE,TRUE,https://alfalavalonline.sharepoint.com/sites/TeamGlobalTechnologyCWHE
FALSE,TRUE,https://alfalavalonline.sharepoint.com/sites/teamid
FALSE,TRUE,https://alfalavalonline.sharepoint.com/sites/TeamPetrochemicalsIndustry
FALSE,TRUE,https://alfalavalonline.sharepoint.com/sites/TeamPetrochemicalsIndustry2
FALSE,TRUE,https://alfalavalonline.sharepoint.com/sites/TeamPowerBIInvestigation298
FALSE,TRUE,https://alfalavalonline.sharepoint.com/sites/TeamPowerBIinvestigation
FALSE,TRUE,https://alfalavalonline.sharepoint.com/sites/TeamSHARE
FALSE,TRUE,https://alfalavalonline.sharepoint.com/sites/Team_ShareSuperusers
FALSE,TRUE,https://alfalavalonline.sharepoint.com/sites/Team_CIT_SPO
FALSE,TRUE,https://alfalavalonline.sharepoint.com/sites/TeamtalkEnergySeparation
FALSE,TRUE,https://alfalavalonline.sharepoint.com/sites/TeamVAVE
FALSE,TRUE,https://alfalavalonline.sharepoint.com/sites/Team_CIT_Architects
FALSE,TRUE,https://alfalavalonline.sharepoint.com/sites/Team_CIT_Infrastructure_Mgmt
FALSE,TRUE,https://alfalavalonline.sharepoint.com/sites/Team_CIT_Infrastructure_Mgmt_AM
FALSE,TRUE,https://alfalavalonline.sharepoint.com/sites/Team_Energy_Management
FALSE,TRUE,https://alfalavalonline.sharepoint.com/sites/Team_ExchangeOnline
FALSE,TRUE,https://alfalavalonline.sharepoint.com/sites/Team_GlobalServiceprojectSpeedinquotation
FALSE,TRUE,https://alfalavalonline.sharepoint.com/sites/Team_GlobalServiceprojectStrategicITdirection
FALSE,TRUE,https://alfalavalonline.sharepoint.com/sites/Team_Global_Service_Commercial_Development
FALSE,TRUE,https://alfalavalonline.sharepoint.com/sites/Team_Global_Service_Management2
FALSE,TRUE,https://alfalavalonline.sharepoint.com/sites/Team_Global_Service_Operations
FALSE,TRUE,https://alfalavalonline.sharepoint.com/sites/Team_Group_Internal_Communications
FALSE,TRUE,https://alfalavalonline.sharepoint.com/sites/Team_ShareEvolution
FALSE,TRUE,https://alfalavalonline.sharepoint.com/sites/team_testcollaboration
FALSE,TRUE,https://alfalavalonline.sharepoint.com/sites/Team_US_Food&Water_Financial_Reports
FALSE,TRUE,https://alfalavalonline.sharepoint.com/sites/team3
FALSE,TRUE,https://alfalavalonline.sharepoint.com/sites/team4
FALSE,TRUE,https://alfalavalonline.sharepoint.com/sites/team5
FALSE,TRUE,https://alfalavalonline.sharepoint.com/sites/team6
FALSE,TRUE,https://alfalavalonline.sharepoint.com/sites/team7
FALSE,TRUE,https://alfalavalonline.sharepoint.com/sites/team8
FALSE,TRUE,https://alfalavalonline.sharepoint.com/sites/Teams_Demo
FALSE,TRUE,https://alfalavalonline.sharepoint.com/sites/Teams_Demo129
FALSE,TRUE,https://alfalavalonline.sharepoint.com/sites/ted
FALSE,TRUE,https://alfalavalonline.sharepoint.com/sites/Test711
FALSE,TRUE,https://alfalavalonline.sharepoint.com/sites/Test70
FALSE,TRUE,https://alfalavalonline.sharepoint.com/sites/Test96
FALSE,TRUE,https://alfalavalonline.sharepoint.com/sites/Test60
FALSE,TRUE,https://alfalavalonline.sharepoint.com/sites/Test93
FALSE,TRUE,https://alfalavalonline.sharepoint.com/sites/Test428
FALSE,TRUE,https://alfalavalonline.sharepoint.com/sites/test929
FALSE,TRUE,https://alfalavalonline.sharepoint.com/sites/Test566
FALSE,TRUE,https://alfalavalonline.sharepoint.com/sites/test379
FALSE,TRUE,https://alfalavalonline.sharepoint.com/sites/Test583
FALSE,TRUE,https://alfalavalonline.sharepoint.com/sites/Test367
FALSE,TRUE,https://alfalavalonline.sharepoint.com/sites/test773
FALSE,TRUE,https://alfalavalonline.sharepoint.com/sites/test366
FALSE,TRUE,https://alfalavalonline.sharepoint.com/sites/Test87
FALSE,TRUE,https://alfalavalonline.sharepoint.com/sites/test804
FALSE,TRUE,https://alfalavalonline.sharepoint.com/sites/Test108
FALSE,TRUE,https://alfalavalonline.sharepoint.com/sites/test272
FALSE,TRUE,https://alfalavalonline.sharepoint.com/sites/Test28
FALSE,TRUE,https://alfalavalonline.sharepoint.com/sites/test614
FALSE,TRUE,https://alfalavalonline.sharepoint.com/sites/test488
FALSE,TRUE,https://alfalavalonline.sharepoint.com/sites/test539
FALSE,TRUE,https://alfalavalonline.sharepoint.com/sites/test106
FALSE,TRUE,https://alfalavalonline.sharepoint.com/sites/test327
FALSE,TRUE,https://alfalavalonline.sharepoint.com/sites/test738
FALSE,TRUE,https://alfalavalonline.sharepoint.com/sites/test899
FALSE,TRUE,https://alfalavalonline.sharepoint.com/sites/Test579
FALSE,TRUE,https://alfalavalonline.sharepoint.com/sites/Test838
FALSE,TRUE,https://alfalavalonline.sharepoint.com/sites/TEST464
FALSE,TRUE,https://alfalavalonline.sharepoint.com/sites/test35
FALSE,TRUE,https://alfalavalonline.sharepoint.com/sites/Test-GregSun
FALSE,TRUE,https://alfalavalonline.sharepoint.com/sites/Test03-Liliana
FALSE,TRUE,https://alfalavalonline.sharepoint.com/sites/test1259
FALSE,TRUE,https://alfalavalonline.sharepoint.com/sites/Test191125
FALSE,TRUE,https://alfalavalonline.sharepoint.com/sites/test191126
FALSE,TRUE,https://alfalavalonline.sharepoint.com/sites/test22
FALSE,TRUE,https://alfalavalonline.sharepoint.com/sites/test29
FALSE,TRUE,https://alfalavalonline.sharepoint.com/sites/-Test2
FALSE,TRUE,https://alfalavalonline.sharepoint.com/sites/test3966
FALSE,TRUE,https://alfalavalonline.sharepoint.com/sites/test4181
FALSE,TRUE,https://alfalavalonline.sharepoint.com/sites/TestAnders
FALSE,TRUE,https://alfalavalonline.sharepoint.com/sites/TestAndrea
FALSE,TRUE,https://alfalavalonline.sharepoint.com/sites/TestforFWG
FALSE,TRUE,https://alfalavalonline.sharepoint.com/sites/testfrasharepoint
FALSE,TRUE,https://alfalavalonline.sharepoint.com/sites/Testfratlf
FALSE,TRUE,https://alfalavalonline.sharepoint.com/sites/Testfratlf2
FALSE,TRUE,https://alfalavalonline.sharepoint.com/sites/TESTGlobalSourcing
FALSE,TRUE,https://alfalavalonline.sharepoint.com/sites/testit
FALSE,TRUE,https://alfalavalonline.sharepoint.com/sites/TESTJS
FALSE,TRUE,https://alfalavalonline.sharepoint.com/sites/TESTLST
FALSE,TRUE,https://alfalavalonline.sharepoint.com/sites/testniklas
FALSE,TRUE,https://alfalavalonline.sharepoint.com/sites/TestPlan
FALSE,TRUE,https://alfalavalonline.sharepoint.com/sites/TestPlanner
FALSE,TRUE,https://alfalavalonline.sharepoint.com/sites/Testproject
FALSE,TRUE,https://alfalavalonline.sharepoint.com/sites/TestPromptDelete
FALSE,TRUE,https://alfalavalonline.sharepoint.com/sites/TestRossy
FALSE,TRUE,https://alfalavalonline.sharepoint.com/sites/Testsite
FALSE,TRUE,https://alfalavalonline.sharepoint.com/sites/TestSite-Forecasting
FALSE,TRUE,https://alfalavalonline.sharepoint.com/sites/testsomething
FALSE,TRUE,https://alfalavalonline.sharepoint.com/sites/TestSTAL0.3forAC240
FALSE,TRUE,https://alfalavalonline.sharepoint.com/sites/TestTD
FALSE,TRUE,https://alfalavalonline.sharepoint.com/sites/TESTTEAM
FALSE,TRUE,https://alfalavalonline.sharepoint.com/sites/TESTtestingPMaccesstoteam
FALSE,TRUE,https://alfalavalonline.sharepoint.com/sites/test_gary
FALSE,TRUE,https://alfalavalonline.sharepoint.com/sites/test1
FALSE,TRUE,https://alfalavalonline.sharepoint.com/sites/Test2-GregSun
FALSE,TRUE,https://alfalavalonline.sharepoint.com/sites/test5
FALSE,TRUE,https://alfalavalonline.sharepoint.com/sites/testersupplierfeltetet
FALSE,TRUE,https://alfalavalonline.sharepoint.com/sites/Test-ExtranetUsaCaMigration
FALSE,TRUE,https://alfalavalonline.sharepoint.com/sites/testing
FALSE,TRUE,https://alfalavalonline.sharepoint.com/sites/Testing922
FALSE,TRUE,https://alfalavalonline.sharepoint.com/sites/Testing231
FALSE,TRUE,https://alfalavalonline.sharepoint.com/sites/testingforthwlasttime
FALSE,TRUE,https://alfalavalonline.sharepoint.com/sites/TestingMicrosoftTeams
FALSE,TRUE,https://alfalavalonline.sharepoint.com/sites/testingnewembedurl
FALSE,TRUE,https://alfalavalonline.sharepoint.com/sites/TestingNo2-PhilipLuo
FALSE,TRUE,https://alfalavalonline.sharepoint.com/sites/Testing_Kiran
FALSE,TRUE,https://alfalavalonline.sharepoint.com/sites/globalprogramUAT-testing_newowner
FALSE,TRUE,https://alfalavalonline.sharepoint.com/sites/Testing-PhilipLuo
FALSE,TRUE,https://alfalavalonline.sharepoint.com/sites/TEST--John
FALSE,TRUE,https://alfalavalonline.sharepoint.com/sites/Test-Liliana
FALSE,TRUE,https://alfalavalonline.sharepoint.com/sites/Test-Liliana460
FALSE,TRUE,https://alfalavalonline.sharepoint.com/sites/DEV-TC-Standards
FALSE,TRUE,https://alfalavalonline.sharepoint.com/sites/TestModernsites
FALSE,TRUE,https://alfalavalonline.sharepoint.com/sites/Testplan2
FALSE,TRUE,https://alfalavalonline.sharepoint.com/sites/TestPlan668
FALSE,TRUE,https://alfalavalonline.sharepoint.com/sites/TEST-PWA
FALSE,TRUE,https://alfalavalonline.sharepoint.com/sites/test-Sarah
FALSE,TRUE,https://alfalavalonline.sharepoint.com/sites/Test-Sarah313
FALSE,TRUE,https://alfalavalonline.sharepoint.com/sites/TestTeam989
FALSE,TRUE,https://alfalavalonline.sharepoint.com/sites/test-Tin
FALSE,TRUE,https://alfalavalonline.sharepoint.com/sites/test-TinH
FALSE,TRUE,https://alfalavalonline.sharepoint.com/sites/Test-Vicky
FALSE,TRUE,https://alfalavalonline.sharepoint.com/sites/tesxgt
FALSE,TRUE,https://alfalavalonline.sharepoint.com/sites/TetraPakKAMteamsite
FALSE,TRUE,https://alfalavalonline.sharepoint.com/sites/text2
FALSE,TRUE,https://alfalavalonline.sharepoint.com/sites/Thailand
FALSE,TRUE,https://alfalavalonline.sharepoint.com/sites/TheAlibabainitiative
FALSE,TRUE,https://alfalavalonline.sharepoint.com/sites/THEPLAN
FALSE,TRUE,https://alfalavalonline.sharepoint.com/sites/TI
FALSE,TRUE,https://alfalavalonline.sharepoint.com/sites/tidstest
FALSE,TRUE,https://alfalavalonline.sharepoint.com/sites/globalprogramUAT-titelmobile
FALSE,TRUE,https://alfalavalonline.sharepoint.com/sites/ToDo
FALSE,TRUE,https://alfalavalonline.sharepoint.com/sites/Train1PCGUpdate
FALSE,TRUE,https://alfalavalonline.sharepoint.com/sites/Training-Bertil
FALSE,TRUE,https://alfalavalonline.sharepoint.com/sites/Training-Malin
FALSE,TRUE,https://alfalavalonline.sharepoint.com/sites/Team_GlobalServiceCommercialDevelopment
FALSE,TRUE,https://alfalavalonline.sharepoint.com/sites/Troubleshooting
FALSE,TRUE,https://alfalavalonline.sharepoint.com/sites/TrustPatterns
FALSE,TRUE,https://alfalavalonline.sharepoint.com/sites/globalprogramUAT-uatlkportalkey
FALSE,TRUE,https://alfalavalonline.sharepoint.com/sites/portalUAT-uatlkportalother
FALSE,TRUE,https://alfalavalonline.sharepoint.com/sites/globalprogramUAT-uatportallkapprove
FALSE,TRUE,https://alfalavalonline.sharepoint.com/sites/Umgeni
FALSE,TRUE,https://alfalavalonline.sharepoint.com/sites/unifiedcommunications
FALSE,TRUE,https://alfalavalonline.sharepoint.com/sites/USAfterHoursSupportGroup
FALSE,TRUE,https://alfalavalonline.sharepoint.com/sites/USALSalesCompanyFinancialreports
FALSE,TRUE,https://alfalavalonline.sharepoint.com/sites/USEnergyFinancialreports
FALSE,TRUE,https://alfalavalonline.sharepoint.com/sites/USFoodandWaterFinancialReports
FALSE,TRUE,https://alfalavalonline.sharepoint.com/sites/USFoodHeatTransfer
FALSE,TRUE,https://alfalavalonline.sharepoint.com/sites/USHeatTransferService
FALSE,TRUE,https://alfalavalonline.sharepoint.com/sites/USManagement
FALSE,TRUE,https://alfalavalonline.sharepoint.com/sites/PashaNewBuilds
FALSE,TRUE,https://alfalavalonline.sharepoint.com/sites/USMarineFinancialreports
FALSE,TRUE,https://alfalavalonline.sharepoint.com/sites/USServiceFinancialreports
FALSE,TRUE,https://alfalavalonline.sharepoint.com/sites/USTreasury
FALSE,TRUE,https://alfalavalonline.sharepoint.com/sites/USAEbiz
FALSE,TRUE,https://alfalavalonline.sharepoint.com/sites/vegetableoils
FALSE,TRUE,https://alfalavalonline.sharepoint.com/sites/VegPro
FALSE,TRUE,https://alfalavalonline.sharepoint.com/sites/VictorHeus
FALSE,TRUE,https://alfalavalonline.sharepoint.com/sites/Vietnam
FALSE,TRUE,https://alfalavalonline.sharepoint.com/sites/VisualStudioTeamServices
FALSE,TRUE,https://alfalavalonline.sharepoint.com/sites/VLNew
FALSE,TRUE,https://alfalavalonline.sharepoint.com/sites/Vortex-USServicetransfer
FALSE,TRUE,https://alfalavalonline.sharepoint.com/sites/VortexIntegration
FALSE,TRUE,https://alfalavalonline.sharepoint.com/sites/wstage
FALSE,TRUE,https://alfalavalonline.sharepoint.com/sites/WasteEvaporationandZLD
FALSE,TRUE,https://alfalavalonline.sharepoint.com/sites/WeldedHeatExchangersSalesGuide
FALSE,TRUE,https://alfalavalonline.sharepoint.com/sites/WHEDesignofthemonth
FALSE,TRUE,https://alfalavalonline.sharepoint.com/sites/WheKelvionWarroom
FALSE,TRUE,https://alfalavalonline.sharepoint.com/sites/WHEProductManual
FALSE,TRUE,https://alfalavalonline.sharepoint.com/sites/AnitaTest1
FALSE,TRUE,https://alfalavalonline.sharepoint.com/sites/Wine
FALSE,TRUE,https://alfalavalonline.sharepoint.com/sites/wynandstodo
FALSE,TRUE,https://alfalavalonline.sharepoint.com/sites/XFTArchitectureandInfoSec
FALSE,TRUE,https://alfalavalonline.sharepoint.com/sites/ZiemexWarRoom
FALSE,TRUE,https://alfalavalonline.sharepoint.com/sites/Planner_zGBO
FALSE,TRUE,https://alfalavalonline.sharepoint.com/sites/3000081
FALSE,TRUE,https://alfalavalonline.sharepoint.com/sites/510TaperpartHub612429940204fromHongyitoUniAbex
FALSE,TRUE,https://alfalavalonline.sharepoint.com/sites/550tapercylinderhub--Huayang
FALSE,TRUE,https://alfalavalonline.sharepoint.com/sites/AdvancemovetoKunshanstage2
FALSE,TRUE,https://alfalavalonline.sharepoint.com/sites/Aperammillorders
FALSE,TRUE,https://alfalavalonline.sharepoint.com/sites/Aperammillorders617
FALSE,TRUE,https://alfalavalonline.sharepoint.com/sites/AtunloSpain
FALSE,TRUE,https://alfalavalonline.sharepoint.com/sites/BEARINGASSEMBLYWP97100MMbearingkits
FALSE,TRUE,https://alfalavalonline.sharepoint.com/sites/C27612x1219x1219ReplaceHayneswithATI
FALSE,TRUE,https://alfalavalonline.sharepoint.com/sites/ConsolidationKomastoBCC17items
FALSE,TRUE,https://alfalavalonline.sharepoint.com/sites/Developlocalbrandssourcenewlinedpumps
Not Found,TRUE,"https://alfalavalonline.sharepoint.com/sites/LocalSiteUAT-dmauat,sitewithcomma1"
FALSE,TRUE,https://alfalavalonline.sharepoint.com/sites/EPDROPLANLKHPF2pinstwoslotsinsteadofoneextendlength
FALSE,TRUE,https://alfalavalonline.sharepoint.com/sites/EPDLKAP1SingleSeatValvePriceanddesignchange
FALSE,TRUE,https://alfalavalonline.sharepoint.com/sites/EPDLKH-GuardsMellemdelsskjold
FALSE,TRUE,https://alfalavalonline.sharepoint.com/sites/EPDLKHShroudswithlogo
FALSE,TRUE,https://alfalavalonline.sharepoint.com/sites/EPDTE21A571TE21A526materialchangeRMP
FALSE,TRUE,https://alfalavalonline.sharepoint.com/sites/EXpartsreducedmeasurementtime
FALSE,TRUE,https://alfalavalonline.sharepoint.com/sites/ForgedconnectionsP35RL33R
FALSE,TRUE,https://alfalavalonline.sharepoint.com/sites/ForgedconnectionsP35RL33R676
FALSE,TRUE,https://alfalavalonline.sharepoint.com/sites/FPPPSSVolumetransitiontoAcerinox208x15
FALSE,TRUE,https://alfalavalonline.sharepoint.com/sites/FPPPSSVolumetransitiontoAcerinox326x12316
FALSE,TRUE,https://alfalavalonline.sharepoint.com/sites/Team_Mobility_VR_AR
FALSE,TRUE,https://alfalavalonline.sharepoint.com/sites/ImpellerSD100sourcingaltsuppl
FALSE,TRUE,https://alfalavalonline.sharepoint.com/sites/ISEFNegotiationforgingsandflangesinstainlesssteel
FALSE,TRUE,https://alfalavalonline.sharepoint.com/sites/SouthernEuropeFieldEngineers
Not Found,TRUE,"https://alfalavalonline.sharepoint.com/sites/LocalSiteQA-kristine,commatests"
FALSE,TRUE,https://alfalavalonline.sharepoint.com/sites/M6andT25Sheetliningsnewglobalsupplier
FALSE,TRUE,https://alfalavalonline.sharepoint.com/sites/MakecontractwithQingdaoShixinElectricPowerEquipmentCo.Ltd
FALSE,TRUE,https://alfalavalonline.sharepoint.com/sites/Masterplanoptimizationinplanningsupplychain
FALSE,TRUE,https://alfalavalonline.sharepoint.com/sites/MasterplansupplychainoptimatizationSSVLKLACylindersleeves
FALSE,TRUE,https://alfalavalonline.sharepoint.com/sites/MASTERPLANconsigmentstockofgrindingmaterial
FALSE,TRUE,https://alfalavalonline.sharepoint.com/sites/MechanicalcomponentsSourcing
FALSE,TRUE,https://alfalavalonline.sharepoint.com/sites/MetalliningforM6Asiasupplierneeded
FALSE,TRUE,https://alfalavalonline.sharepoint.com/sites/Moveparts2itemshighrunnersfromPolifluor
FALSE,TRUE,https://alfalavalonline.sharepoint.com/sites/MovigMatencoitemstoFILMSHunsealandRoplan
FALSE,TRUE,https://alfalavalonline.sharepoint.com/sites/NegociationforstandarditemCPmachiningandwelding
FALSE,TRUE,https://alfalavalonline.sharepoint.com/sites/NegociationforstandarditemDSmachiningandweldingPPV
FALSE,TRUE,https://alfalavalonline.sharepoint.com/sites/NegociationHagensfjedre2019pricereduction451stMay2019TEQ
FALSE,TRUE,https://alfalavalonline.sharepoint.com/sites/NegotiatepricesKSAscrapagreementwithESStl
FALSE,TRUE,https://alfalavalonline.sharepoint.com/sites/Negotiation-Bonus2018SamsonsReguleringsteknik
FALSE,TRUE,https://alfalavalonline.sharepoint.com/sites/NegotiationforinspectionsARXmarine
FALSE,TRUE,https://alfalavalonline.sharepoint.com/sites/NegotiationforstandarditemsCommercialSizesheetsinallgrades
FALSE,TRUE,https://alfalavalonline.sharepoint.com/sites/NegotiationforstandarditemsCPCoil760x1mminHC-276
FALSE,TRUE,https://alfalavalonline.sharepoint.com/sites/NegotiationforstandarditemsCPcoilssheetsinHastelloyHaynescon
FALSE,TRUE,https://alfalavalonline.sharepoint.com/sites/NegotiationforstandarditemsCPcoilsinTitanium
FALSE,TRUE,https://alfalavalonline.sharepoint.com/sites/NegotiationforstandarditemsCPcoilsintitanium3
FALSE,TRUE,https://alfalavalonline.sharepoint.com/sites/NegotiationforstandarditemsCSblanksforallproducts
FALSE,TRUE,https://alfalavalonline.sharepoint.com/sites/NegotiationHagensFjedre2019pricereduction451stMay2019
FALSE,TRUE,https://alfalavalonline.sharepoint.com/sites/NegotiationOrloffFirmatjAS2019shoesandworkwear
FALSE,TRUE,https://alfalavalonline.sharepoint.com/sites/NegotiationRoplannegotiation2019alloysurcharge
FALSE,TRUE,https://alfalavalonline.sharepoint.com/sites/NPD-LeviMagphase2ATEXSensorandExoticMaterials
FALSE,TRUE,https://alfalavalonline.sharepoint.com/sites/OutokumpuTornio50tondiscount25mm
FALSE,TRUE,https://alfalavalonline.sharepoint.com/sites/Paintingsub-contractingvariantreduction
FALSE,TRUE,https://alfalavalonline.sharepoint.com/sites/PanelsuppliersSourcing
FALSE,TRUE,"https://alfalavalonline.sharepoint.com/sites/LocalSite-parc(peru,argentinaandchile)"
FALSE,TRUE,https://alfalavalonline.sharepoint.com/sites/PartitionplateTL35SS-Calmetal
FALSE,TRUE,https://alfalavalonline.sharepoint.com/sites/PDLGlobalOfficeProcessTeam
FALSE,TRUE,https://alfalavalonline.sharepoint.com/sites/Phase-IRemaining4WearLiners
FALSE,TRUE,https://alfalavalonline.sharepoint.com/sites/PhaseoutPermascandweldedsheetsCP120DistanceTiandSS
FALSE,TRUE,https://alfalavalonline.sharepoint.com/sites/PhaseoutSpecodlewtoIndiaHiconVersatile
FALSE,TRUE,"https://alfalavalonline.sharepoint.com/sites/LocalSite-poland,ukraineandbaltics(pub)"
FALSE,TRUE,https://alfalavalonline.sharepoint.com/sites/PPVKunshan-KunshanDV-STVAVEmembraneSaintGobainbuydirectly
FALSE,TRUE,https://alfalavalonline.sharepoint.com/sites/PPVDrivingring9612139702BodycoattoHardcoats
FALSE,TRUE,https://alfalavalonline.sharepoint.com/sites/PPVDriveringALK9612365801toYongDaor
FALSE,TRUE,https://alfalavalonline.sharepoint.com/sites/PPVLeviMag-volumeincreasevariousparts
FALSE,TRUE,https://alfalavalonline.sharepoint.com/sites/PPVLKHSupportbars
FALSE,TRUE,https://alfalavalonline.sharepoint.com/sites/PPVNew1prioritysupplierD-maxforTJ40Gitems6items
FALSE,TRUE,https://alfalavalonline.sharepoint.com/sites/PPV-BewiStyropackPricereductionduetoEpsrawmaterial
FALSE,TRUE,https://alfalavalonline.sharepoint.com/sites/Projectsavingsforlargeprojectsmotorsetc
Not Found,TRUE,"https://alfalavalonline.sharepoint.com/sites/LocalSiteQA-qakdrlocal,sitev2_10-04-2019"
Not Found,TRUE,"https://alfalavalonline.sharepoint.com/sites/ToolSiteQA-qakdrtool,sitev2_10-04-2019"
FALSE,TRUE,https://alfalavalonline.sharepoint.com/sites/QualificationofanewdesignCP120panelgasketinNovaphit
FALSE,TRUE,https://alfalavalonline.sharepoint.com/sites/QualificationofanewdesignsegmenttypeCPgasketsinGylon
FALSE,TRUE,https://alfalavalonline.sharepoint.com/sites/QualificationofanewdesignstdspecificCP120girders
FALSE,TRUE,https://alfalavalonline.sharepoint.com/sites/QualificationofanewdesignstdspecificCP120heads
FALSE,TRUE,https://alfalavalonline.sharepoint.com/sites/QualificationofanewdesignstdspecificCP120panels
FALSE,TRUE,https://alfalavalonline.sharepoint.com/sites/QualificationofanewdesignstdspecificCP15-50heads
FALSE,TRUE,https://alfalavalonline.sharepoint.com/sites/QualificationofanewdesignstdspecificCP15-50panels
FALSE,TRUE,https://alfalavalonline.sharepoint.com/sites/QualificationofanewdesignstdspecificCP40-50girders
FALSE,TRUE,https://alfalavalonline.sharepoint.com/sites/QualificationofanewdesignstdspecificCP75girders
FALSE,TRUE,https://alfalavalonline.sharepoint.com/sites/QualificationofanewdesignstdspecificCP75heads
FALSE,TRUE,https://alfalavalonline.sharepoint.com/sites/QualificationofanewdesignstdspecificCP75panels
FALSE,TRUE,https://alfalavalonline.sharepoint.com/sites/QualificationofanewprocessstdspecificCP15-30girders
FALSE,TRUE,https://alfalavalonline.sharepoint.com/sites/QualificationofanewsourceCPSheetsin254SMO
FALSE,TRUE,https://alfalavalonline.sharepoint.com/sites/QualifydualsourcingOtelinoxAC7003x539mm316
FALSE,TRUE,https://alfalavalonline.sharepoint.com/sites/Rawmateriallocalizationflexiblepress005mmCU
FALSE,TRUE,https://alfalavalonline.sharepoint.com/sites/Rawmateriallocalizationflexiblepress03mmSS
FALSE,TRUE,https://alfalavalonline.sharepoint.com/sites/RedesignarmsSPHongyiredesignInOutletPipe
FALSE,TRUE,https://alfalavalonline.sharepoint.com/sites/Sandvikmove1000mmwearlinertoSandvik-61244161-80
FALSE,TRUE,https://alfalavalonline.sharepoint.com/sites/Stairswalkwaysladdersoutsource
TRUE,TRUE,https://alfalavalonline.sharepoint.com/sites/EthanolStarchSugar
FALSE,TRUE,https://alfalavalonline.sharepoint.com/sites/SupplySustainability-MovefromWuxiGenerallytoHongYiitemsTE705
FALSE,TRUE,https://alfalavalonline.sharepoint.com/sites/SupplySustainabilityTankEquipmentWuxiBangdepackagesecondsour
FALSE,TRUE,https://alfalavalonline.sharepoint.com/sites/SupplysustainabilityCFTgearpartsDualsourcingfromD-maxpart2
FALSE,TRUE,https://alfalavalonline.sharepoint.com/sites/SupplysustainabilityCFTgearpartsDualsourcingfromD-maxpart1
FALSE,TRUE,https://alfalavalonline.sharepoint.com/sites/SupplysustainabilityDualsourcingafTE20G525item
FALSE,TRUE,https://alfalavalonline.sharepoint.com/sites/SupplysustainabilityLKHoutletsfromDanitechtoDanpresPart1
FALSE,TRUE,https://alfalavalonline.sharepoint.com/sites/SupplysustainabilityLKHoutletsfromDanitechtoDanpresPart2
FALSE,TRUE,https://alfalavalonline.sharepoint.com/sites/SupplysustainabilityKKIPlastriskassessment
FALSE,TRUE,https://alfalavalonline.sharepoint.com/sites/TeamPelagiaUK
FALSE,TRUE,https://alfalavalonline.sharepoint.com/sites/TechnicalBusinessSEAFWD
FALSE,TRUE,https://alfalavalonline.sharepoint.com/sites/Test2newsuppliers035x625316
FALSE,TRUE,https://alfalavalonline.sharepoint.com/sites/VHEBrazilStandardization
FALSE,TRUE,https://alfalavalonline.sharepoint.com/sites/Volumebonus35
FALSE,TRUE,https://alfalavalonline.sharepoint.com/sites/VulkanHi-Con-MoveEndHubsCon.TaperPartfromsterbyAmpo
FALSE,TRUE,https://alfalavalonline.sharepoint.com/sites/AXP1014AC16AC18itemslocalization
FALSE,TRUE,https://alfalavalonline.sharepoint.com/sites/ChangingfromRA16toRA08on22reduersfromFini
FALSE,TRUE,https://alfalavalonline.sharepoint.com/sites/DEGRITTINGFORSTARCHSLURRYGCW150ABMaizegerm
FALSE,TRUE,https://alfalavalonline.sharepoint.com/sites/EPDLKHShroudsimproveRaonsurfaceRA16
FALSE,TRUE,https://alfalavalonline.sharepoint.com/sites/ETLPhase3-61244457-0161238579-0261240489-02
FALSE,TRUE,https://alfalavalonline.sharepoint.com/sites/FootcolumnandcarryingbarsfromWuxiHudai
FALSE,TRUE,https://alfalavalonline.sharepoint.com/sites/InOutletPipesRe-designS300-S700samefunctionasS200S800Gofrom3
FALSE,TRUE,https://alfalavalonline.sharepoint.com/sites/InOutletPipesRe-designS300-S700samefunctionasS200S800Gofr227
FALSE,TRUE,https://alfalavalonline.sharepoint.com/sites/KunshanDV-STVAVEZongHeCostreductionlotsize3-5isexpected
FALSE,TRUE,https://alfalavalonline.sharepoint.com/sites/Negotiationforstandarditems316LCP75SheetsOutokumpu
FALSE,TRUE,https://alfalavalonline.sharepoint.com/sites/Negotiationforstandarditems316LAPERAM2019Contract
FALSE,TRUE,https://alfalavalonline.sharepoint.com/sites/QualificationofanewdesignP265GHvs.P275NHNL1specificCPheadspa
FALSE,TRUE,https://alfalavalonline.sharepoint.com/sites/REDUCETHICKNESSCOPPERFOILCB1001TO005
FALSE,TRUE,https://alfalavalonline.sharepoint.com/sites/Scanfiloptimization25onmaterialBOMand25onproductionhour
FALSE,TRUE,https://alfalavalonline.sharepoint.com/sites/Wikanegotiateddealonhigherquantity50eachdiscountCFD
FALSE,TRUE,https://alfalavalonline.sharepoint.com/sites/250tonref.price2716kgnewref.price45kg
FALSE,TRUE,https://alfalavalonline.sharepoint.com/sites/CIPCOVER360440510
FALSE,TRUE,https://alfalavalonline.sharepoint.com/sites/negotiatebetterpricefromI.M.G.T.-S.R.L-223436415296390253306
FALSE,TRUE,https://alfalavalonline.sharepoint.com/sites/SupplySustainability-Haosen2ndsourceOnwhichitemsKoldingKunsh
