Url,SiteOwners,SiteMembers
https://alfalavalonline.sharepoint.com/sites/Collaboration-VantaaManagementCollaboration,,
https://alfalavalonline.sharepoint.com/sites/Collaboration-VantaaManagersCollaboration,,
https://alfalavalonline.sharepoint.com/sites/Collaboration-VantaaTeamLeadersCollaboration,,
https://alfalavalonline.sharepoint.com/sites/Collaboration-BDUAirIndustrialCoolingSalesCollaboration,,
https://alfalavalonline.sharepoint.com/sites/Collaboration-ALPotokHVACR,,
https://alfalavalonline.sharepoint.com/sites/Collaboration-GlobalSourcingAHECollaboration,,
https://alfalavalonline.sharepoint.com/sites/Collaboration-OperationsAHECollaboration,,
https://alfalavalonline.sharepoint.com/sites/Collaboration-SafteyNetworkPGAIR,,
https://alfalavalonline.sharepoint.com/sites/Collaboration-AHEconfigurator,,
https://alfalavalonline.sharepoint.com/sites/Collaboration-EIEProductApplicationSupportAIRCollaboration,,
https://alfalavalonline.sharepoint.com/sites/Collaboration-BDUAirSalesManagementMeeting,,
https://alfalavalonline.sharepoint.com/sites/Collaboration-AHEQuality/,,
https://alfalavalonline.sharepoint.com/sites/Collaboration-AHEGlobalprocessesforQuality,,
https://alfalavalonline.sharepoint.com/sites/Collaboration-AHEFactoryAlonte/,,
https://alfalavalonline.sharepoint.com/sites/Collaboration-AHECOM,,
