BRPTitle,BRPGroupLoginName
BRP_a2z-Solutions,c:0t.c|tenant|423c9663-6640-4e01-aca4-1e3d65b3a990
BRP_Aadiushmaa Absorption & Instrument Engineers,c:0t.c|tenant|5518674a-c15c-453e-8f51-4f659eeece76
BRP_Aay Bee Engineers,c:0t.c|tenant|98b3775b-5bba-4512-a99c-3c9bd54f4ee7
BRP_ABB Drives Oy,c:0t.c|tenant|66355a2b-907c-4783-b121-9d23b1300afd
BRP_Abensa,c:0t.c|tenant|b05c24ea-da69-4b51-8e95-894a06dd0272
BRP_AB Impianti S.r.l.,c:0t.c|tenant|cc8d6fc8-0eac-4c0c-93c4-8fa374e4a284
BRP_AB Jeotermal,c:0t.c|tenant|023bc0bb-b5b4-4216-a5c3-ce07165d28b2
BRP_ABK AS,c:0t.c|tenant|b10a0652-26a5-40ff-b21d-de21264737a8
BRP_Absoliuta UAB,c:0t.c|tenant|569b4fe6-b22a-4e4d-9895-4c40dd773d40
BRP_AB Tehnic Profesional,c:0t.c|tenant|9b44ef3f-4c14-4fe8-a25f-e67e3941b23f
BRP_Acar Muhendislik,c:0t.c|tenant|32c837db-a30f-4193-9806-395b8673f4b3
BRP_ACE Instal,c:0t.c|tenant|09481d51-bc8c-4d19-b001-abf35e4c84cb
BRP_Acquatec S.r.l.,c:0t.c|tenant|360a57b1-1445-44ce-9851-e5fcb664acc7
BRP_ACR Services,c:0t.c|tenant|e8ae3d81-777b-4334-8a85-721d02089c59
BRP_Aday Insaat Tes. San Ve,c:0t.c|tenant|119d9822-384d-468c-903d-c9b7f675cba1
BRP_Aday Insaat Tes. San. ve Tic. Ltd. ??ti.,c:0t.c|tenant|ad1f33cf-af33-4675-80f3-22ff2cc3c2db
BRP_A & D Design Services,c:0t.c|tenant|a2a64281-d076-4a17-8749-0e9035e4566e
BRP_AECOM - Cambridge,c:0t.c|tenant|f0a3ba8d-7559-47c2-8720-4ca9c2eec78e
BRP_AECOM - Leeds,c:0t.c|tenant|e4c448dc-7e2c-4ce1-ada6-fcac96a351bd
BRP_AFAAQ,c:0t.c|tenant|081279f4-2214-4ac7-9a17-93771bcd853b
BRP_Agder Energi Varme AS,c:0t.c|tenant|383ce87f-1ad2-4044-897e-400df2b642f7
BRP_Aggreko Nederland BV,c:0t.c|tenant|f9520a98-dfec-471c-8502-3feb7870311a
BRP_Akim Muhendislik Proje Ins. Tha. San. Ltd. Sti,c:0t.c|tenant|06e35236-9fc9-4c39-a522-dac26db1018a
BRP_Akvedukts SIA,c:0t.c|tenant|6a3762ab-affb-403a-a3be-07c9c7c2e417
BRP_Alcon A/S,c:0t.c|tenant|d3054ab5-45a5-4e29-ac2b-9fefcac3ea63
BRP_ALFA 90,c:0t.c|tenant|28168841-b180-4fd8-8abb-c2eb2f5214b3
BRP_ALFA 90 SUMINISTROS Y SERVICIOS.,c:0t.c|tenant|413d002c-8604-428c-b601-ea61ca378e88
BRP_Alfa Brazing,c:0t.c|tenant|a49b6e3e-e636-4e52-bdbf-0fa42e20ed48
BRP_Alfa Engineering,c:0t.c|tenant|8ebc0b9d-009c-469c-8dca-65fddc46862a
BRP_Alfa Fj�rrv�rme AB,c:0t.c|tenant|6b5bee51-1da1-4854-bb25-ccde7ea00124
BRP_Alfa Grade Kft.,c:0t.c|tenant|ef240aac-b0c8-4331-a947-7bfc4ada95aa
BRP_AlfaHES distribution,c:0t.c|tenant|b0f15595-8dd1-4409-a8ad-0d6fc7b99332
BRP_Alfa Laval Customer PTD,c:0t.c|tenant|568ca308-8588-4f14-9720-b392686aafcf
BRP_Alfa Laval internal users,c:0t.c|tenant|b0d52e8b-3013-4674-9b81-3b37ece29984
BRP_Alfa Nova d.o.o.,c:0t.c|tenant|50009dbb-e064-41cd-8a48-94be8a8b4618
BRP_ALFA-OMEGA technology s.r.o.,c:0t.c|tenant|adfa3fce-716a-4a6b-9027-cd63fea7449b
BRP_Alfa Rising,c:0t.c|tenant|1616a897-58c3-4fcf-a728-0866ecb4090e
BRP_Alfarising,c:0t.c|tenant|6769918f-504b-4df8-9e4e-622c2b8b858f
BRP_Alfa Separ s.r.o.,c:0t.c|tenant|6d56a257-f359-4d01-87e4-d48cf59cd65b
BRP_ALFA THERM,c:0t.c|tenant|c1397d42-b26b-4bf2-87ca-97f28518df0f
BRP_Alfatherm Kft,c:0t.c|tenant|2d9f2a5a-c746-4cd4-8290-70b00e3d299e
BRP_ALMAY Bt.,c:0t.c|tenant|ef9fafed-e0b9-4863-af35-cc5e45329555
BRP_Altena Group B.V.,c:0t.c|tenant|bfd56114-a78b-424f-adcb-223fc3e50029
BRP_Al-Usool Engineering Services Company Ltd,c:0t.c|tenant|ccddd92d-05d4-4365-b822-b4dad5c96435
BRP_Amarc DHS Srl,c:0t.c|tenant|4d15b55d-ac30-466b-aa23-097fe0636a25
BRP_Ambar Electroingenieria,c:0t.c|tenant|b06cdcea-cd3c-4572-9231-29af6a46108d
BRP_Amu Mera Sp. z o.o.,c:0t.c|tenant|d7a725f5-4c69-4da2-92c8-3797d0eb112d
"BRP_Anhui Credit Environment Engineering Co., Ltd",c:0t.c|tenant|f318b0fa-fa37-45fd-a739-6943ce85726d
"BRP_APICACIONES DE REGULACION Y CONTROL, S.L.",c:0t.c|tenant|a55ee277-5ea5-4bc0-9cef-8635cc49ea34
BRP_APTEC Energietechnik GmbH,c:0t.c|tenant|048e2a0b-c8c9-47c2-8bcc-f19de7e26eb0
BRP_Aqotec GmbH,c:0t.c|tenant|4df017f8-2b80-4b02-9b4f-3acc2fdb96d2
BRP_Arde Klima Tesisat Insaat,c:0t.c|tenant|05e56acf-8617-4fa0-ae5a-bef10457d6bf
BRP_Ardora SA,c:0t.c|tenant|3c53610f-f38e-4a4e-8812-7f9cdbfa0520
BRP_Arke Muhendislik Tesiat San. ve Tic. Ltd. Sti,c:0t.c|tenant|119c0ae8-8dce-4a3f-994c-d446f08f2f64
BRP_Armatec AB,c:0t.c|tenant|b4098f6c-25d8-4d60-8c85-7bb62b0a3fe2
BRP_Armatec A/S,c:0t.c|tenant|f856ce14-9ce1-49d0-9018-525a0059a4ce
BRP_Armatec A/S - Glostrup,c:0t.c|tenant|1875b7de-3ec6-4eec-96c7-1dcbf9ddc046
BRP_Armatec Oy,c:0t.c|tenant|35d58735-6cdd-44a2-9ec8-f9d0abdc6d03
BRP_Artakija UAB,c:0t.c|tenant|6b757639-e58a-4aa1-9e5f-acff5728b9db
BRP_ARUP - Glasgow,c:0t.c|tenant|de6f63ec-5924-467f-86cd-c62ae332a0fb
BRP_ARUP - Leeds,c:0t.c|tenant|ff77ff39-80d3-4536-8ffd-6a74d919823b
BRP_ARUP - Manchester,c:0t.c|tenant|30540798-8de4-4573-aaff-8b495c69f66c
BRP_ARUP - Newcastle Upon Tyne,c:0t.c|tenant|77d8dd93-95f4-4746-ac70-7a93be41eb39
BRP_ARUP - Sheffield,c:0t.c|tenant|47743262-a768-484d-9769-9b9bb8e5f535
BRP_ARUP - Solihull,c:0t.c|tenant|77535a2f-27df-40d1-8d44-197c11c3db0a
BRP_Atak Muhendislik Mak. Tesisat Tic.,c:0t.c|tenant|704e32b0-f84b-473a-8a7b-38843fa70f7e
BRP_A-Tech,c:0t.c|tenant|4ed718ae-1191-49b6-9acc-cb9d70d52324
BRP_Atelier Ten,c:0t.c|tenant|9815dcbd-bd3e-4d9f-b431-12c971496e9e
BRP_ATHERM,c:0t.c|tenant|23a73cd7-7186-4adb-a403-d1ce8f87bbd8
BRP_Atkins Design Solutions,c:0t.c|tenant|4b7c81bd-f2a3-4c02-8438-98d20ae9f85b
BRP_Atkins Global,c:0t.c|tenant|d01c5fa5-a8bd-48b2-9e06-b9d1554e9678
BRP_Atlas Copco Airpower NV,c:0t.c|tenant|41f95304-6318-4472-87f3-c71d13930685
BRP_Auquatec S.r.l.,c:0t.c|tenant|a23ff8b1-1cdf-4651-995b-52e4449eba7c
BRP_Auramarine Oy,c:0t.c|tenant|58e71092-934f-4082-8ec7-d85ab2722a6b
BRP_AVN Hydraulik A/S,c:0t.c|tenant|0bad8280-9a84-4d31-9251-443bf866c687
BRP_AVOS VY�KOV,c:0t.c|tenant|77d0d61d-30a6-4cc3-9eed-91a833f6d7e0
BRP_Axis Industries AB,c:0t.c|tenant|0786bd7c-6b18-437b-9eff-117ba1091c57
BRP_Bailey Garner,c:0t.c|tenant|95278467-a5df-44d2-9a72-62f1fc65c284
BRP_Barr & Wray Ltd,c:0t.c|tenant|6d619e6d-e719-4718-8530-9a61c9f9ae4b
BRP_BAUTECHNIK GMBH S.R.L.,c:0t.c|tenant|1c4b8d06-d14c-467b-af5c-3f09d3c18217
BRP_BDP,c:0t.c|tenant|3e0890dc-1d03-449f-9f2b-33c94d7ca9c0
BRP_BEIJER,c:0t.c|tenant|ecd4cc50-f1f1-44b1-92fc-46d2bc6b4b60
BRP_Beijer Ref Australia,c:0t.c|tenant|4c02191e-018f-4b4d-a7a1-e6c3152dcbc5
BRP_Beijer Ref Australia Pty,c:0t.c|tenant|8acbaeaa-b5e0-4df8-8423-9684c60d67b8
BRP_Beijer Ref Italy Srl,c:0t.c|tenant|f3cfbeae-56c1-421f-98d2-896a1a671a4d
BRP_Beijer Ref Support B V,c:0t.c|tenant|f9ad07a6-d764-4d23-a2af-0740ff450e02
BRP_Beijer Ref Support B.V. 2,c:0t.c|tenant|b010cf96-0792-4a32-b1d8-8534d0f5d07d
"BRP_Beijing Reak Innovation Science & Technology Co., Ltd.",c:0t.c|tenant|8bda5b5a-1dd0-483b-9ed3-f0e67277b0b7
"BRP_Beijing Ruike Xingchuang Technologic Co., Ltd.",c:0t.c|tenant|67c142fa-b4e8-4d9f-ab9d-1c475d472055
"BRP_Beijing Xinze Technology Co., Ltd.",c:0t.c|tenant|2e46f3db-d09c-41d2-b448-2188e48a16e2
BRP_Beijing Zhongzhengwei Technolog Development,c:0t.c|tenant|ba0306f0-494c-4a0c-8184-e03e265bd9eb
BRP_Besa Mekanik Yapi,c:0t.c|tenant|462acb53-0fd1-4293-a4a3-ef8b973184c4
BRP_Be.S.T. S.r.l.,c:0t.c|tenant|ec0abc25-dfe9-4290-abe7-9fcf748d5f07
BRP_BEST Xiamen Mechnicai CO,c:0t.c|tenant|b6962bd0-4ac2-489d-bfca-016b32bf3fc4
BRP_Beta Teknik,c:0t.c|tenant|3a72f6ac-aa1f-4f35-81a5-af9b9f8a2f53
BRP_B. GINER,c:0t.c|tenant|2d925aa7-8eda-4a39-a1bb-a1e9fd46fe98
BRP_Black Sea Suppliers,c:0t.c|tenant|e5e3b54f-a04f-4f28-820e-0800c993af08
BRP_Black & White Engineering,c:0t.c|tenant|52cf091a-2dac-46a2-ad88-522263b4947d
BRP_Black & White Engineering - Blackpool and the Fylde,c:0t.c|tenant|3eb2e90a-9ee7-47c1-a3c5-d7b39bf89074
BRP_Blygold Nederland B.V. Weert,c:0t.c|tenant|e382e07a-bbc3-4f63-b24f-be884869c9d5
BRP_Blyth & Blyth,c:0t.c|tenant|9bca7a89-4a12-4f3a-a8f0-fdf86df4f699
BRP_Bonum M SIA,c:0t.c|tenant|e6811cc1-8ad3-4063-847e-cca75061f4ae
BRP_B�RRESEN COOLTECH AS,c:0t.c|tenant|45812dc5-e3ab-4a3f-b6da-c21f44db345c
BRP_BOSCH REXROTH,c:0t.c|tenant|533824c4-867c-4d50-adfe-fb8fde7f5f10
BRP_Bosch Rexroth AB - Borl�nge,c:0t.c|tenant|aa1ff674-4f40-4332-9ab8-3389f52a9ac9
BRP_Bosch Rexroth AB - Mellansel,c:0t.c|tenant|dc49b5cb-26b7-4b04-a630-31b4889f4af9
BRP_Bosch Rexroth Hajt�s- �s Vez�rl�...,c:0t.c|tenant|7313c338-bf38-4ad3-88b3-76e21266fa6e
BRP_Bosch Rexroth Oy,c:0t.c|tenant|8fa33fa0-44ee-4961-8571-9a6f14d4b592
"BRP_Bosch Rexroth, spol. s r.o.",c:0t.c|tenant|aba037fb-a489-418f-8eea-d1b878a1e890
"BRP_Bosch Termotecnia, SA",c:0t.c|tenant|3db89775-78d1-41d9-bbb9-961ac239ebc6
BRP_Brammer Czech a.s.,c:0t.c|tenant|9dbd12db-1cbe-4d84-bb07-28f95c0246f3
BRP_Brammer GmbH,c:0t.c|tenant|4f8a5ff4-2178-44c5-9736-c19600563c7d
BRP_Brammer Iberia S.A.,c:0t.c|tenant|37331db9-e3fe-4582-a861-fbeed8e36316
BRP_Brammer Magyarorsz�g Kft.,c:0t.c|tenant|04593c24-11dc-4e3b-ab5a-dac39a1337f6
BRP_Brammer S. A.,c:0t.c|tenant|3686b218-fda5-403e-bc45-fe60e0e5836d
BRP_Brammer Sweden AB,c:0t.c|tenant|700935ad-ff5c-46ea-93f4-1a096f60259a
BRP_Brammer UK,c:0t.c|tenant|865110c9-43d9-4bd3-a348-4c784e7beae9
BRP_Brantec Pty Ltd,c:0t.c|tenant|1af38c46-92b2-4d79-a72f-5d1c2f78233e
BRP_Brentwood Design,c:0t.c|tenant|2ee821ae-4f5b-4a89-abf0-b964b2e57419
BRP_Briggs & Forrester Group,c:0t.c|tenant|bc6f7d08-aac3-4988-9758-d242adec1006
BRP_BSS,c:0t.c|tenant|84f5b794-5b1f-4858-876e-52a8b7e91232
BRP_BSS Group Limited - Headquarters,c:0t.c|tenant|b60af159-4401-4ee8-ba06-b71a4d0855e1
BRP_BSS Group UK,c:0t.c|tenant|c3501cf9-fe05-4a9b-b0ff-341262de05ad
BRP_BT Hydraulikk,c:0t.c|tenant|4890af17-3971-4a26-b4b1-8f37986d67ef
BRP_BTS Western,c:0t.c|tenant|4b65f073-1090-4b9c-af14-b55813202790
BRP_Budapesti M?szaki �s Gazdas�gtudom�nyi,c:0t.c|tenant|fd3e62f1-6fec-490f-9499-bb533fa2354a
BRP_Buenaventura Giner,c:0t.c|tenant|2e38321d-a1d7-4870-82a7-55ced7b8f385
BRP_Buro Happold Consulting,c:0t.c|tenant|635d8a91-d72f-44c3-909c-ef3ca1dacfc3
BRP_Buro Happold Ltd,c:0t.c|tenant|b8fc9899-1235-4aab-ac2e-173996e87ad2
BRP_Buro Happold - Manchester,c:0t.c|tenant|55472b14-08e4-4d25-889c-33d204db4d06
BRP_Calorex Heat Pumps Ltd,c:0t.c|tenant|79003d41-1439-49fe-bcf7-35b7b3269abb
BRP_Calosi srl,c:0t.c|tenant|266adb7f-ab68-4d36-98dd-c3dd4b611ef8
BRP_CANALCENTRO,c:0t.c|tenant|3807037c-a1ab-486a-9c0e-8497026aea9d
BRP_Carlo Perino,c:0t.c|tenant|c31b7980-f533-4d28-a98c-4b195c086548
BRP_CASATHERM,c:0t.c|tenant|88879907-72b7-411d-9403-826aa4d46c2b
BRP_CAS Private Ltd,c:0t.c|tenant|d89f57ea-349a-46bf-a730-873fe82edd67
BRP_CECILIO ALONSO,c:0t.c|tenant|71a5f058-7899-4809-97a2-f6e2157a2a2b
BRP_C�H ZRt.,c:0t.c|tenant|2e5c3043-71cd-4093-9806-4262c5ae99ca
BRP_Ceimu Srl,c:0t.c|tenant|7e770f5b-9fc7-4316-b44a-cf65c7912d4e
BRP_Cenmia Oy,c:0t.c|tenant|c8710dfe-40be-4890-86c7-525fa8efb541
BRP_Central Technical Suppliers (Namibia),c:0t.c|tenant|e2fd4334-703f-477e-8861-b42c98738f63
BRP_Centro-Mac refrig. & Aircon Services,c:0t.c|tenant|537d94ad-1f54-496a-9205-674c4f2bcab4
BRP_Cesehsa Products,c:0t.c|tenant|32e932ef-3c99-44a9-b662-8ab1a4e7ff54
"BRP_Cesehsa Products, S.A. de C.V.",c:0t.c|tenant|7c263640-416c-40c8-a0b7-57ac09c7e1e3
BRP_Cetetherm,c:0t.c|tenant|ad2d698e-079d-4d5d-ab28-959341ec4d9e
BRP_Cetetherm AB,c:0t.c|tenant|6440d668-f48e-4d85-8d3c-3d619cc79b98
BRP_Chemiclean,c:0t.c|tenant|a9b8ad14-2643-4703-919a-c52549b95a30
BRP_Chemiclean Systems AB,c:0t.c|tenant|4b15288e-9b1e-4410-8566-f52cbe64c7f6
"BRP_Chengdu Kelwl Control Mach Co., Ltd",c:0t.c|tenant|74b85989-7081-40c7-b490-d8cac15b8a97
BRP_Cheongsong Engineering,c:0t.c|tenant|672d6b77-f6dd-427f-a8a3-166dfa938dff
BRP_Chewbay Ltd,c:0t.c|tenant|af5136ba-200e-4a60-be33-275127eff025
BRP_Chiller Oy,c:0t.c|tenant|cb3a517d-f71a-4c1f-82ec-eb3f75affa1d
BRP_CHODOS CHODOV s.r.o.,c:0t.c|tenant|26660091-80f4-45ba-b6cd-4612ad334d9c
BRP_CHP engineering s.r.o.,c:0t.c|tenant|ed3844a3-0702-44fc-884f-0cd964ef3365
"BRP_CHROMAGEN ESPA�A, S.L.U.",c:0t.c|tenant|f260b31d-b242-44b7-86da-690fa9d01c17
BRP_Chrysmetal Ltd,c:0t.c|tenant|03986473-4cab-4c53-a290-ae24d865d131
"BRP_Clauger de Mexico, S.A. de C.V.",c:0t.c|tenant|de3ca922-21a9-4900-8983-c1514f638c3d
BRP_Climaport s.r.o,c:0t.c|tenant|f1c04a6b-ff4e-47cf-906d-7f8cc1c554a4
BRP_CLIMARAI srl,c:0t.c|tenant|e430dcff-c0db-482d-af16-eff43d52279b
BRP_Climarai S.r.l.,c:0t.c|tenant|e96cfcb3-ab63-4330-b733-5ca4f0568994
"BRP_COMERCIAL ARPE, S.A.",c:0t.c|tenant|90d13b7d-3da6-4cd4-a854-8229c51872cb
BRP_Comercial Diesel,c:0t.c|tenant|4527c05c-ac9d-4447-b49f-d005cef23998
"BRP_COMERCIAL QUEMOIL, S.A.",c:0t.c|tenant|b838fefd-6661-493f-885a-1525be0a34bb
BRP_Comfort Units ApS,c:0t.c|tenant|817fb77c-539c-42b9-9e2a-0e3c04aa7af2
BRP_Commerciale S.A.C.I.R. S.r.l.,c:0t.c|tenant|367ba3a5-9ba3-493f-b335-2d3c456b5e02
BRP_Compania Climatizadora S.A.,c:0t.c|tenant|d609c727-5deb-4309-92f4-cadb8d60cae0
BRP_Compresores CAC de Mexico,c:0t.c|tenant|43372d82-0538-431f-becb-621efb2353c8
BRP_Consensus Sp. z o.o.,c:0t.c|tenant|ef8f2aa4-d87c-4c50-85d1-2d8c8cfa1e05
BRP_Contract Energy Management Ltd,c:0t.c|tenant|2685a9a4-1f86-4141-bddb-128c12d41ff3
BRP_Coolsense,c:0t.c|tenant|7074b861-b9cf-472c-a909-8ce601556d59
BRP_Coryhex ApS,c:0t.c|tenant|6dd9bd41-d4c1-4a2a-ad9a-1f1e3cc33fb4
BRP_COSMOPLAS S.A,c:0t.c|tenant|57164109-432b-4707-b1b4-037d86581b15
BRP_Cosmopolas S.A.,c:0t.c|tenant|f5ce497d-348c-4c80-9cec-50e0d4adbc05
BRP_COTERENA,c:0t.c|tenant|e8d2256c-ffd7-4edb-9cc8-f468890d1c95
BRP_Cowi,c:0t.c|tenant|0934c15f-fc82-4d50-9e9b-0ce2e19bc92d
BRP_Cowi AS,c:0t.c|tenant|a38b4cc0-38fe-44b3-8c5d-3a29e6c76b5c
BRP_Cunado Peru S.A.,c:0t.c|tenant|e451b22c-6164-4c2b-b2ea-06bbcb4f0cf5
BRP_Cundall Johnston & Partners Ltd,c:0t.c|tenant|3e362f77-b6f5-4e50-bf94-1189dcb9086f
BRP_Cundall Johnston & Partners Ltd - Edinburgh,c:0t.c|tenant|5365ae16-843b-4bf0-b5da-b09a92b9854c
BRP_Cundall Johnston & Partners Ltd - Manchester,c:0t.c|tenant|b9cb40d9-1852-44ae-8c74-c78c6c10a1aa
BRP_Cundall - Newcastle,c:0t.c|tenant|aaae24fc-fcee-40ee-aafd-771fb83e9a66
BRP_d3associates,c:0t.c|tenant|7cdf281b-f55c-44c5-a06f-25a5e9b21bff
BRP_Daehan Plant MC,c:0t.c|tenant|244a1c8b-f6fe-4e3d-b7b7-07679e24550f
BRP_Dahl,c:0t.c|tenant|0ab59be8-b77b-422d-bc44-965f9fce8bb8
"BRP_Dalian Hengshunwantong technology euipment Co., Ltd.",c:0t.c|tenant|1ccec578-0df6-430c-8ef8-753b5c5638cc
BRP_DASAL Morava s.r.o.,c:0t.c|tenant|f9b8e2d9-71dd-414b-8131-b605bd9d9177
BRP_Daunis S.A.,c:0t.c|tenant|eaf54080-ad63-4c6a-bdd9-6781bdbbf78d
BRP_Decon,c:0t.c|tenant|cc49cbb1-ea94-4ba8-a221-82391cf23e86
"BRP_Decon, spol. s.r.o.",c:0t.c|tenant|b4da90cc-660c-4e73-9ee5-77313630e9f4
BRP_Decon Spol. s.r.o.,c:0t.c|tenant|b5c5ff44-a7a2-42ff-bf09-e95d02e5212f
BRP_Degisim Isi Teknik Endustriyel,c:0t.c|tenant|4c903115-e614-44a9-814b-e2a97b1bff48
BRP_Dekodem,c:0t.c|tenant|829d32e9-da4c-425e-9aaa-e7e86b8a3d5b
BRP_Delta T,c:0t.c|tenant|5e85918d-97f0-4b26-b7a0-fd8280951cc7
BRP_Delta T Technology sas di Gianpiero,c:0t.c|tenant|972392ae-e346-4b6d-88d2-f6c12923f470
BRP_Demta Isi Ve End�striyel,c:0t.c|tenant|a9fe70bd-a6d8-442e-8821-08939745f1ef
BRP_Deniz Proje,c:0t.c|tenant|e3fe1005-0785-49fb-aa64-732b62d59edb
BRP_Desco (design & consultancy) Ltd,c:0t.c|tenant|f5b6487a-94a5-4524-94d9-bbeea7ef9a95
BRP_Design ME Consultants,c:0t.c|tenant|f40e43c9-7cc1-4d58-a4fe-95fd520f2b88
BRP_DHIMEX CIUDAD DE MEXICO,c:0t.c|tenant|91a3ca89-cef4-4978-9ae8-d52583847594
BRP_DHIMEX CIUDAD DE MEXICO S.A. de C.V.,c:0t.c|tenant|3564684e-cf70-4454-9511-066ef5d3a863
BRP_Dhimex Ciudad Mexico SA de CV,c:0t.c|tenant|2fdba69f-e697-4692-9ef8-6bd6ef24fbc6
BRP_Dielectro Industrial,c:0t.c|tenant|b5114392-fe49-4f82-a4f3-577112b19d29
BRP_DINTEC,c:0t.c|tenant|d4c81567-31a8-4e33-816e-0abff7f8da09
"BRP_DISMAFRIO, S.L.",c:0t.c|tenant|d4556a92-ffb4-4e51-9f8d-3d7beae5edfe
BRP_DISTERM,c:0t.c|tenant|a85f3b99-1dc0-4565-bc76-9f1b3f6fe92e
BRP_DISTRIBUCIONES C.CASAMAYOR S.L.,c:0t.c|tenant|9a7358ac-2941-4296-8983-0f49c16bd047
BRP_Distribuciones Dieguez,c:0t.c|tenant|d01053da-566b-44ea-b012-07d75dafc739
BRP_Distribuidores ECF,c:0t.c|tenant|acbf630e-e56b-4caa-9bcb-9f0dfd80d2b1
BRP_DITECO S.A.,c:0t.c|tenant|73031ddd-6100-4e01-8cb3-3c1f76de8629
BRP_Dobry Projekt,c:0t.c|tenant|4149225f-6daf-483e-bef4-1bbcb7dcb15a
BRP_Dogus Insaat,c:0t.c|tenant|e7d635b7-4d02-4af4-ae6e-4a9f3f513cad
"BRP_DongHun Co., Ltd.",c:0t.c|tenant|459643dc-ef4b-4ae7-aa9c-bcd500cadf9a
BRP_Dragorex Kft,c:0t.c|tenant|0941f2a8-28a2-491d-9375-b66eb4d9f3a0
BRP_DSSR - Glasgow,c:0t.c|tenant|6bcf4c0c-af6f-450a-8144-36af9e25aba8
BRP_DSSR - Harrogate,c:0t.c|tenant|8b3a6953-2f78-43ee-bd73-01a27c0a14f7
BRP_DTU Mechanical Engineering,c:0t.c|tenant|787b4253-e072-4412-874e-29a272fa42e8
BRP_DVI Energi A/S,c:0t.c|tenant|d550aa2a-719d-45b8-bc9d-359f29ac38c3
BRP_E&B,c:0t.c|tenant|6daa6da1-beef-4194-9c26-8ac051fd7729
BRP_Ecostar S.r.l.,c:0t.c|tenant|94f105a8-2217-4fde-9e69-670200f8d360
BRP_ECR BELGIUM - Aartselaar,c:0t.c|tenant|7bc91982-99a5-4e7e-b917-1c29f1c7347b
BRP_ECR BELGIUM - Anderlecht,c:0t.c|tenant|4ba2fb49-ae2e-41fb-8acb-ede4e4a245c9
BRP_ECR BELGIUM - Merelbeke,c:0t.c|tenant|b8d9d143-973e-49b8-ac57-af19689f5aca
BRP_ECR Nederland BV - Deventer,c:0t.c|tenant|da3381a1-6629-4ef8-b10d-b4f62e304862
BRP_ECR Nederland BV - Dordrecht,c:0t.c|tenant|6c12ee90-851d-42c5-a844-0ff34f02a851
BRP_ECR Nederland BV - Hoofddorp,c:0t.c|tenant|b327ec07-5015-42cf-ad99-46d9fe9d659b
BRP_EDH,c:0t.c|tenant|2593ec84-89b7-4d44-b1b4-802ccc4099a9
BRP_Edpac International Ltd,c:0t.c|tenant|4ddf172e-cfc3-4909-b6f5-cbb9f6dfa04c
BRP_EFD Induction srl,c:0t.c|tenant|630547a8-c0d7-421e-80cf-b764d2190484
BRP_Eko Elektrofrigo,c:0t.c|tenant|0115f4c0-de06-4a89-855a-9c48e28acc6a
BRP_Eko M�hendislik Sanayi ve Ticare,c:0t.c|tenant|35fbcb5e-5df4-4df9-a937-18242acc2cef
BRP_Electronika,c:0t.c|tenant|ba59c188-4cfd-4ee9-abc3-e506c90063b7
BRP_Elektra LTDA EPP,c:0t.c|tenant|213a455e-4575-4cac-9f25-68c88b7b7997
BRP_Elektronika SA - Gdynia,c:0t.c|tenant|33306f7f-a25d-4016-8501-16288a4b3cc3
BRP_Elektronika SA - Tarnow,c:0t.c|tenant|99670ff8-4ebc-4912-84ad-7b29d353b4ef
BRP_Elektrotermex Sp. Z o.o.,c:0t.c|tenant|77a3190d-ef9b-4497-b948-c1c773a0d493
BRP_Eletta Flow AB,c:0t.c|tenant|c6bbc372-4fc9-4f32-9b77-39671979c693
BRP_El Fatah Hydraulic Import Company,c:0t.c|tenant|35d24298-c15c-464e-a646-5e4bee51646e
BRP_Ellmann Tam�s �p�letg�p�sz tervez?,c:0t.c|tenant|9b96665d-9d04-4291-851f-2d195a03ab88
BRP_Elmak Proje Et�d M�savirlik A.S.,c:0t.c|tenant|51dea9dd-08c1-4566-861c-d2cc8ceab736
"BRP_EMERSON CLIMATE TECHNOLOGIES, s.r.o.",c:0t.c|tenant|a1133819-70df-4a20-80de-eb9049594ea8
BRP_Enerco Industriservice AB,c:0t.c|tenant|0d3465f2-42d6-4546-bf14-cba3ca34fa06
BRP_Energia,c:0t.c|tenant|41e1f8b0-a56a-4a5a-bb0f-443db78be7a2
BRP_Energie Totaal Projecten ETP,c:0t.c|tenant|d1081c35-403d-4a02-a979-9e3f311a416a
BRP_Energo Choce?,c:0t.c|tenant|a8fa1e41-7952-4d1f-be63-f61127391795
BRP_ENERGROUP S.A.,c:0t.c|tenant|9dc65216-6744-4aee-aa3a-f8bdf3ed1fd7
BRP_ENESA a.s.,c:0t.c|tenant|54f9c40a-7572-489e-8d75-a32968c7e91b
BRP_ENGINEERING and TRAPS SA D,c:0t.c|tenant|2b04afd8-f6c2-4b46-8678-506b5ae0b36f
BRP_En�k Engineering AS,c:0t.c|tenant|8dd817c9-c43b-49cc-a616-7ab5aab0a1bd
BRP_Enrad AB,c:0t.c|tenant|13de0874-3ed9-49bd-8c12-0324ef0cfc03
BRP_Envatec AS,c:0t.c|tenant|8e70b264-daf7-48dc-88ea-60758d9e3316
BRP_Environmental Services Design,c:0t.c|tenant|fbcf60a9-313a-42a7-bb68-881cbb90a719
BRP_Epta S.p.A,c:0t.c|tenant|73a21b9f-e0d3-4245-98b2-aedd007e33d5
BRP_Eqtherm Szymon Milewski,c:0t.c|tenant|80ca1128-6e60-48cd-8f9b-d3cf906c2e1c
BRP_Equinoxe Kft.,c:0t.c|tenant|7b27c8ef-989a-485c-a15b-61d4f67ec820
BRP_Erkasis Sogutma Isitma Sistemler,c:0t.c|tenant|6c4414a6-5767-44be-b98e-9ac0a78bd9ce
"BRP_E S L, a.s.",c:0t.c|tenant|baab9092-561a-48b1-a028-c7156f41ba24
BRP_ETL-Ekotherm a.s.,c:0t.c|tenant|ab56f064-7a91-4722-aab4-bb4f326f3bdf
BRP_EU-Energia Kft.,c:0t.c|tenant|ae54885a-7a1b-4103-9448-7ea742c4850c
"BRP_EURO COBIL, S.L",c:0t.c|tenant|8d9fe27f-479b-4bd2-be33-6cd621be10fd
BRP_EUROKLIMAT SPA,c:0t.c|tenant|b2ec551e-78bd-4a5c-a4ca-75c76d7f8156
BRP_Evaprov Cooling Technologies P Ltd,c:0t.c|tenant|380d0599-bc1d-4811-81fd-843dff575337
BRP_Evonik Agroferm Zrt.,c:0t.c|tenant|446cf695-efd1-4cf0-8444-97039628bbe3
BRP_Expoelle - Trading as Cooliong Tower sales & Service,c:0t.c|tenant|a5b18ea5-2be6-4b4b-8f36-2cf971838eb8
BRP_Farrell Consulting Eng.,c:0t.c|tenant|e55c5979-7593-4ecb-aa08-33dc526a7b9a
BRP_FEC India P Ltd,c:0t.c|tenant|ab5560a6-77ad-4722-b823-c820b98d5b25
BRP_Fernanda de Barros Dias - Me,c:0t.c|tenant|d8940bad-1b38-4693-87eb-eda8075a06fa
BRP_Ferrari S.p.a.,c:0t.c|tenant|d620e96b-afbb-49bc-82e9-d30d7adef5ee
BRP_FIDEMAR S.A. Uruguay,c:0t.c|tenant|710e97f7-1b1f-4cb4-94c8-783c5019d33e
BRP_Fieuw Koeltechniek,c:0t.c|tenant|db119d10-de41-42b6-a4f4-8473dfab6f5c
BRP_Filter AB,c:0t.c|tenant|26b591e5-f40d-46b1-a543-45075d40077a
BRP_Fioravanti S.r.l.,c:0t.c|tenant|4443525b-6f1c-433d-a7ac-62c9ea13e53d
BRP_Flowone,c:0t.c|tenant|fd3a20cb-43a9-4def-ab3a-4d12a2efeada
"BRP_Flowserve Spain, S.L.",c:0t.c|tenant|f8d69caf-3924-444b-9bea-ae65a51c64ee
BRP_Fluidhouse Oy,c:0t.c|tenant|d509804d-6906-47d5-a953-7371d1a384d5
BRP_Fluid Industry Nederland,c:0t.c|tenant|7dcc7121-1ec0-48d8-b4a7-eeb9c3fd9076
BRP_Fluid System 80 S.r.l.,c:0t.c|tenant|aed78cd7-aa37-47cf-86d0-d796f0dcc95d
BRP_FLUID & THERMAL MANAGEMENT,c:0t.c|tenant|c50d4a2b-30eb-42d1-9ca6-9c9e7b649554
BRP_Fo. In. Impianti Industriali S.r.l.,c:0t.c|tenant|9392e01b-637d-4bd7-9aa5-cc4209022c33
BRP_Foreman Roberts,c:0t.c|tenant|21a55e04-7738-456f-8458-310b9dd933d4
BRP_Fortes Import Installati,c:0t.c|tenant|d9c47f4d-208b-4f1a-9e10-3730c772a755
BRP_Foshan Taihao Mechanical and Electrical engineering,c:0t.c|tenant|33f2cafc-3b48-44fa-afa8-8ddfd83efcc4
BRP_Frese A/S,c:0t.c|tenant|35afe9ad-8138-4094-b353-898836460fff
BRP_Fresh Air,c:0t.c|tenant|e30cbcfa-7a3d-497f-ae2a-5f1a6307f34e
BRP_Frigadon AB,c:0t.c|tenant|41e6d93c-34b1-4851-a22b-a6762ae658cc
BRP_Frigoduman So?utma,c:0t.c|tenant|71e0176a-1cc7-4dc6-8c5c-b5d602a4f23c
BRP_Frigoduman Sogutma San. Ve Tic. A.S.,c:0t.c|tenant|25af86f8-d5e9-4797-9b1e-92e25c4b9124
BRP_Frigomeccanica S.p.A.,c:0t.c|tenant|5d7490fd-686c-402a-a129-1226cbe91928
BRP_Frigoriferi Industriali,c:0t.c|tenant|9f9aba01-37ad-4855-a0a4-9f8b3608ca0e
BRP_Frigor s.r.l.,c:0t.c|tenant|3fac3bac-5ce3-4067-9585-569e4f027aa0
BRP_FRIGO TECNICA INTERNAZIONALE,c:0t.c|tenant|707cd929-4dd5-441f-b2a3-c00ffd2c7f0a
BRP_Frigotehnica,c:0t.c|tenant|63f258db-d8b6-4019-9309-deabb7618a0e
BRP_FRIGOTHERM FERRARI SRL,c:0t.c|tenant|1d9b8f69-0a2f-4aa0-9d47-373f54a2f7a5
BRP_Frigro NV,c:0t.c|tenant|c5b2f125-0871-4691-a077-4385e4340424
BRP_Frionordica AS,c:0t.c|tenant|3d729cc8-390e-4353-bc2f-da16fe9815b8
BRP_Friteks SIA,c:0t.c|tenant|d19c5d00-d786-47ce-a749-2c2d774b97bb
BRP_FRIULAIR,c:0t.c|tenant|7ec7e1d8-eaa5-4b71-9756-12deb0d9ac65
BRP_FROZTEC Colombia LTDA,c:0t.c|tenant|a393ec73-9fe9-427f-ba56-a883e20e9694
"BRP_Froztec de Mexico, S. de R.L. de C.V.",c:0t.c|tenant|51d6669e-e561-4c76-a1cc-ecd4f31cbb68
BRP_Froztec International Inc.,c:0t.c|tenant|ecb4f013-6afc-4355-9438-10d2cf911768
BRP_Fuzyon Group,c:0t.c|tenant|c67c2bad-093b-4477-8a24-7067b0fa0748
BRP_F�zyon Isi Malz. San. Tic.,c:0t.c|tenant|ff77ba07-7034-4de4-a237-f97e9ddd21ac
BRP_F�zyon Isi Malz. San. Tic. - Istanbul,c:0t.c|tenant|3da8cc3f-d207-43cc-8cb6-4b6f27e7ea8b
BRP_GAA-Lobex Sp. z o.o.,c:0t.c|tenant|44cc1d38-eb30-45d3-b8ad-83f656de1b71
BRP_GALLETTI S.p.A,c:0t.c|tenant|61bf0b59-19de-4ca3-a622-0a3a6c9b99d6
BRP_Gardner Denver Oy,c:0t.c|tenant|684f4128-3c83-4014-b216-9fd0d1c0f1ea
BRP_GasParts-Europe Kft.,c:0t.c|tenant|5fc67534-f109-4606-a658-5a01a9594f05
BRP_Gebwell Oy - Lepp�virta,c:0t.c|tenant|599c2e96-d5bb-4cc1-bee0-9f8300d7e82c
BRP_Gebwell Sp. z o.o.,c:0t.c|tenant|77083946-5005-45da-9fd2-6062e90fb5ad
BRP_Geerlofs Koeltechniek bv,c:0t.c|tenant|85ed91b5-16bc-4d81-b557-eae58976fe79
BRP_Geerlofs Refrigeration,c:0t.c|tenant|3e879ffc-eb93-46cc-abcf-0d95ddbaaa74
BRP_GEMAK GIDA MAK. SAN. VE TIC. LTD. STI.,c:0t.c|tenant|1ce5979b-6cf7-4849-95e3-332be93fbe9a
BRP_Gemtas Genel Muh. Taah. San ve Tic A.S.,c:0t.c|tenant|6924e584-d553-4f31-8016-1e04c3d485ae
BRP_GH Induction,c:0t.c|tenant|c154bcb0-1427-4893-9f3e-0b7d61095788
BRP_Gia Phu Technology Corporation,c:0t.c|tenant|edad2e1b-da45-4823-ae53-a3a0c5b2c67d
BRP_GiA-S Industrijska oprema d.o.o.,c:0t.c|tenant|bb1ebe26-2eb8-4672-a6a9-c02dce513e8c
BRP_Gidropotok,c:0t.c|tenant|9ab889c4-2df6-4627-9bf2-fdd4c64b13da
BRP_GINER,c:0t.c|tenant|48a7305f-260b-4a70-b432-c9338118dbc0
BRP_Global Energy Systems Ltd,c:0t.c|tenant|f69ee7d2-1b0a-4a66-8777-146d271cee04
BRP_GLOBAL PROCESSING SOLUTIONS S.A,c:0t.c|tenant|1aef1c6d-b797-4f7a-874e-7e5731b2d1bc
BRP_Globes SA,c:0t.c|tenant|44d5e54a-55d7-4a8a-836b-e1d2109017e5
BRP_GMD Genel Mekanik Dizayn Muhendislik,c:0t.c|tenant|ed970920-f27c-48af-b545-91e3ce127b40
BRP_GMD M�hendislik Ltd Sti,c:0t.c|tenant|6ac17b25-6e41-4827-80a6-b090bc704a01
BRP_GN M�hendislik Taahh�t Tic. ve San. Ltd. Sti.,c:0t.c|tenant|e17495ab-5fad-4c03-b421-83ee5873ba74
BRP_GOELBRA INDUSTRIAL SA DE,c:0t.c|tenant|a1761373-1551-411b-aa1f-342ef69a80fe
BRP_Go Geothermal Ltd,c:0t.c|tenant|bbc66001-6200-4632-a145-5b8c02c7272e
BRP_Google Inc,c:0t.c|tenant|b03d42ca-e6e8-4cbb-8ca7-88e69be7ce96
BRP_G.P. CLIMA SRL,c:0t.c|tenant|4fff1d1a-b1c7-4980-bb71-fe2d9e3df6b1
BRP_Graeme Page Consulting Engineers CC,c:0t.c|tenant|e9543f1b-4caf-47cc-a7e6-b113b6908f98
BRP_Granlund Tampere Oy,c:0t.c|tenant|ac50f44f-f4ca-49cc-ac23-673289025fbc
BRP_GRASSO SRL,c:0t.c|tenant|d2da4ee0-2591-49f0-a65a-49e10643548e
BRP_Greater London Authority,c:0t.c|tenant|cc19ecca-af1d-4723-9472-eff5ede7078a
BRP_Green Phoenix Ltd,c:0t.c|tenant|ff45c4e1-88c9-46a6-83f0-c90231cfc7f1
BRP_Green Resource Engineering,c:0t.c|tenant|15937e42-32fa-4a60-860a-d7e80c60db63
BRP_Green Resource Engineering Ltd,c:0t.c|tenant|691343ec-c840-4d5c-b655-0fbb4d58ca12
BRP_Groupe Atlantic,c:0t.c|tenant|3912196b-c16e-44c2-a8b6-fdc538d17104
BRP_GRUPO ACCURATIO S.A. (Flowing),c:0t.c|tenant|74a0fede-5c71-467c-a1d4-1c228fceb8cb
BRP_GS Process Engineers,c:0t.c|tenant|438f51f6-f4b0-4e9a-ab31-ce1a0ecf7b3f
BRP_G.S.Process Engineers,c:0t.c|tenant|d6cfbcf8-0eea-4149-a3fa-8410c4c40642
BRP_GST S.a.S. di Franco Tavani & C.,c:0t.c|tenant|34b3877f-4582-4af9-8117-7039d6dac4bf
BRP_Guangzhou Kaiyan Mechanical & Electrical Equipment,c:0t.c|tenant|799bdf21-90be-4885-b82a-3cebdb4bb589
BRP_G�rdal M�hendislik,c:0t.c|tenant|e7d7c01e-0061-4d77-a8ff-ba9312e3c469
BRP_Haffmans BV,c:0t.c|tenant|3c6f81b0-61b6-4652-b327-434e93d0e28d
BRP_Hangzhou Baofa Machinery & Electron,c:0t.c|tenant|97dc7666-d78e-487f-9136-b2dd5f273072
BRP_Harbin Great Science & Technology Development,c:0t.c|tenant|e6ecadb4-7347-458e-8a18-fb4f39077bdf
BRP_Hashimoto-SAngyo,c:0t.c|tenant|347c9ace-9623-4101-a65d-f41015e13f39
BRP_HBE GmbH,c:0t.c|tenant|26b5c623-8767-4140-8d45-bcb45e154dcc
BRP_HDR Products (Pty) Ltd,c:0t.c|tenant|27057e6d-d673-4264-89df-4e81ea2f3f6a
BRP_Hea Tech Korea,c:0t.c|tenant|9b347979-65fa-459d-be53-7da489bc5ca1
BRP_Heatech Korea,c:0t.c|tenant|4080dc1c-78d7-4456-ba15-68f5aac65c3e
BRP_Heatech Korea Co. Ltd.,c:0t.c|tenant|51526648-eb85-47b1-a98e-fede598d2a99
BRP_Heatmerchants,c:0t.c|tenant|56ef98a7-9182-4245-ab66-0fcecd7e5a1b
BRP_HeaTranz Solutions,c:0t.c|tenant|0409c26e-58e7-4225-b99a-d0fa90858234
BRP_Heinen Hopman,c:0t.c|tenant|05e28a69-1e6a-44c2-b41e-19f089fd1b67
BRP_Hevac Ltd,c:0t.c|tenant|74749100-b33b-4a17-8b6b-e5667ca98880
BRP_Hex-Technology Co.,c:0t.c|tenant|5c9210c0-fa8f-4d10-a57f-db41273815cd
BRP_Hicool Refrigeration Engineering,c:0t.c|tenant|26c1c3a0-e526-4811-b588-c0de6efa35ba
BRP_HIDRODISELEC (HIDROCANTABRIA),c:0t.c|tenant|182e6ac6-781f-4070-a686-8baabba1efed
BRP_Hidrokalor Canarias,c:0t.c|tenant|35ff1994-8476-4cc7-8729-8ed60f9f5161
BRP_Hidrokontrol Mak. San. Tic. A.S.,c:0t.c|tenant|fd20019a-1597-4d70-93ed-8194990b294c
BRP_Hidro Tarraco,c:0t.c|tenant|48bffd43-382e-4265-914e-cd0c197697d8
BRP_HINE RENOVABLES S.L.,c:0t.c|tenant|a307f944-b2e4-492c-bbaa-9f8601e78432
BRP_HIPLUS,c:0t.c|tenant|35ce0d52-c2f2-422f-ad9a-083190805c02
BRP_HIREF,c:0t.c|tenant|080bcc54-b41e-4d64-af0e-af9fba21dd18
BRP_Hitachi Ar Condicionado do Brasil Ltda,c:0t.c|tenant|0e191c25-afb6-4bdb-b84a-ef7df3f8c8a5
BRP_Hivimar Ecuador,c:0t.c|tenant|231436cc-7aaf-4668-a7ed-2006ee287dcf
BRP_H. Jessen Jurgensen A/S,c:0t.c|tenant|8cc35d8c-f9a0-4cee-aad3-b60c04052204
BRP_Hoare Lea and Partners - Birmingham,c:0t.c|tenant|a48ade24-a9d9-4d6b-8601-7b96e13ee0de
BRP_Hoare Lea and Partners - Leeds,c:0t.c|tenant|c8be1a18-db26-40c4-9078-013637f98039
BRP_Hoare Lea and Partners - Manchester,c:0t.c|tenant|5d43df1e-7cc7-4b7e-b49b-e4766e7e38eb
BRP_Hoare Lea Consulting Engineering,c:0t.c|tenant|d55458cf-806e-480a-901a-632eef90541f
BRP_Hoonje Ind.,c:0t.c|tenant|513c2f00-3ff7-4dd8-9108-9628d96c64fa
BRP_Hoval Limited,c:0t.c|tenant|c40ca3c2-274b-4832-83ee-41ff90d52f59
BRP_HRS Hevac Ltd,c:0t.c|tenant|f283781c-c368-4315-9585-3e601efac943
BRP_Hubbard Products Ltd,c:0t.c|tenant|68d5d7c4-a971-4d0b-af48-9906008b0298
BRP_Hulley & Kirkwood,c:0t.c|tenant|70ae1600-dc61-4459-9e80-f4197f1b255d
"BRP_Hunan Shangchuan Science & Technology Co., Ltd.",c:0t.c|tenant|aaf9105f-2f8e-4384-bb66-29c1b51f9bdd
BRP_Huntraco Zrt.,c:0t.c|tenant|4af6b1d8-14b3-4924-a272-073ecf11f60f
BRP_Hurley Palmer Flatt,c:0t.c|tenant|f39b73a3-60cd-4038-965e-7ca72a3b6b0d
BRP_Huurre Finland Oy,c:0t.c|tenant|ec2dfeb2-9532-4613-a303-f05d902337c1
BRP_HUURRE Frigo Kft.,c:0t.c|tenant|3d68f918-e14e-4ff8-a254-942159ff5393
"BRP_Huurre Ukraine, LTD",c:0t.c|tenant|a46946e1-757e-4b05-9776-f8c27c9254de
BRP_hwenergy,c:0t.c|tenant|671c9e19-6c8c-4fe0-99d6-54f6af6b1849
BRP_HYCO AS,c:0t.c|tenant|c09643c5-613a-4af1-98d2-5216fb6fbc10
BRP_Hydpartner AS,c:0t.c|tenant|03ef8c93-8315-4400-be91-6186cc950b28
BRP_Hydropress,c:0t.c|tenant|922a5124-8950-4763-8ea3-845bd53609b8
BRP_Hydrosolar Sp. z o.o.,c:0t.c|tenant|12c1f453-3b6a-46f0-8fd9-65809e00edd7
BRP_HydX AB,c:0t.c|tenant|94d1aa39-d877-41e4-8e81-20044a0c6749
BRP_Hymatek controls AS,c:0t.c|tenant|a23b0d0a-cc1f-4097-8da2-778e51221e13
"BRP_ICMA Sistemas, S.L.",c:0t.c|tenant|a00fffd6-f790-4eac-ae28-a3c83648bf90
BRP_ICS Cool Energy T/A Tricool Engineering,c:0t.c|tenant|45096843-660a-4e65-9517-d0531df2e9bd
BRP_ICS - Industrial Cooling Systems,c:0t.c|tenant|4b040529-9487-43cb-bbf1-326ceefdf097
BRP_Ideologie,c:0t.c|tenant|7a46a130-5ef8-45d3-beb0-a9c978f925ee
BRP_IMS M�hendislik Danismanlik,c:0t.c|tenant|bbb9fd37-9b46-42b9-aa9f-e995809a1096
BRP_Inducotherm Ltd,c:0t.c|tenant|447a6d85-5538-4c2f-959b-27055670be2d
BRP_Industria Klimatu,c:0t.c|tenant|3001640a-7afa-4c59-a91b-a1b04bf50bef
BRP_Industrial Gines SAU,c:0t.c|tenant|8e9f1463-dbe8-4cde-bb95-5338565ee9f2
BRP_INDUSTRIAL GP SRL,c:0t.c|tenant|e84bc0e0-f9f4-4014-a044-1c348eca692b
BRP_Industrial Heat transfer CC,c:0t.c|tenant|9ed97e68-a218-47e9-94e8-5e3faa17e603
BRP_Industrial Power Cooling Ltd,c:0t.c|tenant|ba410837-4dfd-4a8b-bea3-fbd600c0a786
BRP_Industri & Laboratoriekyl AB,c:0t.c|tenant|2e90f720-f92c-4528-a476-cb266462a90c
BRP_Ing. Marco Cinciripini,c:0t.c|tenant|88a86f08-a108-4634-ba1f-25d5d412b316
BRP_Ing. Panizzi,c:0t.c|tenant|b87ee3ad-c185-494d-8555-aa74417e91da
BRP_Ins-Alfa,c:0t.c|tenant|e55c1339-2620-488d-b208-7816beea1c55
BRP_Insin��ritoimisto AX-LVI Oy,c:0t.c|tenant|b47e9242-ff86-4f4b-9be0-6fbaba425421
BRP_Instal Klima Projekt,c:0t.c|tenant|b0f4088c-d725-4f4e-81c1-d05a54a06ecc
BRP_Integraci�n de soluciones sustentables,c:0t.c|tenant|6b78cd08-5348-4d48-8d3a-2f067f8cbc44
BRP_Integra M�hendislik dan. ins. San. ve Tic Ltd. Sti.,c:0t.c|tenant|86869994-3adc-4ecb-aa23-92e5e446b58f
BRP_Irons Foulner Consultants,c:0t.c|tenant|d552309e-b121-4e47-8b2b-9a290040f10a
BRP_IR Parts ApS,c:0t.c|tenant|5fa967f6-9bd5-46f3-8f85-70ba188a649b
BRP_Isleifur Jonsson,c:0t.c|tenant|a0697925-7336-4459-a112-4dbca22b3bd7
BRP_Isleifur Jonsson ehf,c:0t.c|tenant|21c0bf60-8091-4f04-9d3c-c00ebb5c84ed
BRP_ISOLCELL ITALIA Spa,c:0t.c|tenant|8686f65b-8c36-4df5-ae5e-8f55d5aa4f9c
BRP_ITALIAN consultants,c:0t.c|tenant|e4a67e78-1127-4435-86cd-2a46cf233f95
BRP_Jackson Coulson Partnership,c:0t.c|tenant|08812d2b-1a36-4190-92d4-b525b16a3699
BRP_James J Doherty,c:0t.c|tenant|d81c4c03-fd6f-410a-b163-2976eaf5d0ad
BRP_Jaraba Import SA,c:0t.c|tenant|5a34dae8-ac03-458a-a109-4576583cb82e
BRP_JCI,c:0t.c|tenant|95d89e52-4afc-4529-b556-31dce1b5761a
"BRP_JCI (Johnson Control, Turkey)",c:0t.c|tenant|f87efe4f-ce10-4a8d-aa26-ea207996e32c
BRP_JCI - Milano,c:0t.c|tenant|7546166b-d06b-4951-ae94-63abe79caec8
BRP_J&E Hall Ltd,c:0t.c|tenant|d515ce50-4ce6-49bf-a4ab-72c0334672fc
BRP_Jes�s Suministros Industriales,c:0t.c|tenant|b039b549-83b6-4755-b7d6-e3b35b579ca8
BRP_J Humphrey & Partners,c:0t.c|tenant|8f066ff7-32c9-4c09-93a9-7ec81b7b1946
BRP_Jiangxi Jinchuang Man-Ma,c:0t.c|tenant|b4573968-c328-4a50-b9c8-ae1742bf852f
"BRP_Jinan Zelv Economy Trade Co., Ltd",c:0t.c|tenant|d28f7ed9-226c-4422-92bc-26cf1a95648b
BRP_Jinan Zelv Economy & Trading,c:0t.c|tenant|bbdb7521-5bf4-4e00-a625-2d3bcd969444
BRP_Jitech AB,c:0t.c|tenant|29368657-d5cc-4f22-be81-ddd6005aafa6
BRP_JOCAM Nigeria Ltd.,c:0t.c|tenant|1ac16b9f-9f0d-42c6-9f82-6b664955c742
BRP_Johnson Control BE UK Ltd,c:0t.c|tenant|81d29723-d2cc-4a89-9a75-1ef05646934d
BRP_Johnson Controls,c:0t.c|tenant|261a9d17-ee93-4cd8-85bd-25c4d2b06174
BRP_JOHNSON CONTROLS ARGENTINA S.A (York),c:0t.c|tenant|0308c5b8-7e4a-432e-8d9a-6271034df5a8
BRP_JOHNSON CONTROLS BE DO B,c:0t.c|tenant|29dca120-d032-4ded-a8ab-fc9d1673124c
BRP_Johnson Controls Denmark,c:0t.c|tenant|2d27b2f1-2f37-410b-b958-5f2bd6747e0b
BRP_Johnson Controls - Dubai,c:0t.c|tenant|132f90da-c487-4018-b85b-f042b939485b
BRP_Johnson Controls International Sp. z o.o.,c:0t.c|tenant|b2f2f04f-5440-46de-9a4d-f565c395c9c0
BRP_Johnson Controls Marine,c:0t.c|tenant|55175172-2e9b-426d-87c7-4ea4be7cbe5d
"BRP_JOHNSON CONTROLS PORTUGAL BE, LDA.",c:0t.c|tenant|1b6e03f5-39e4-4a9d-aa49-4c67599453c0
BRP_Johnson Controls S.r.l,c:0t.c|tenant|b651a348-6953-4511-92c6-e95a885f757c
BRP_Johnson Controls Systems & Service AB,c:0t.c|tenant|45fa0fb3-a034-4899-b045-71274f021366
BRP_Jomuti Kft.,c:0t.c|tenant|fa9a8454-91dd-4f54-b795-2387862af777
BRP_Joule UK Ltd,c:0t.c|tenant|367e95d0-a02e-446e-b52c-134372d1edbf
"BRP_JUJUJU AQUACENTER, SL",c:0t.c|tenant|aa4fde75-4bcb-4577-9f46-bf84586ad81b
BRP_K�lteanlagenbau M. Hinterscheid,c:0t.c|tenant|3e206ced-7e1f-48d5-9d35-8bce0fa69ec0
"BRP_Kandai Co., Ltd.",c:0t.c|tenant|e61f3e66-6eb0-4dee-b733-cebc4c984fd1
BRP_Kaplanlar Sogutma,c:0t.c|tenant|662b096e-b785-4407-a76e-6e3cf51f2239
BRP_Kavalani & Sons WLL (Bahrain),c:0t.c|tenant|2c6077b1-caae-44ed-bf19-fefcb009f59d
BRP_Kecskem�ti Termostar H?szolg�ltat�,c:0t.c|tenant|9f1ead18-e2a5-4e99-bcd6-9f144867eeda
BRP_Kelvin Srl,c:0t.c|tenant|67597ed9-1a38-4cc6-92d5-9b8e08033ff6
BRP_Kem�ny Gy�rgy,c:0t.c|tenant|ad589e1c-d5cf-476d-927f-f12e3822a915
"BRP_Kholodilniy respect, LTD",c:0t.c|tenant|f1516600-5797-431e-8f3d-023886a85a8e
BRP_Kilic M�h. Proje,c:0t.c|tenant|bf557568-4452-4d53-b9e8-31c481c6c513
BRP_KKT Anlagenbau GmbH,c:0t.c|tenant|064578ba-9e4a-4774-8453-d77b0955a66e
BRP_Klimaenergy Srl,c:0t.c|tenant|912b75ed-465a-4c36-85f3-480309570d63
BRP_Klimagem S.r.l.,c:0t.c|tenant|3f2bcb90-5e7e-450c-a4c3-880957790200
BRP_Kolb K�lte AG,c:0t.c|tenant|199627e6-7ba9-49d8-b908-91f7aa16e890
BRP_Koldware Industries,c:0t.c|tenant|52bdb591-6378-40ec-a3cd-e51dc0be767d
BRP_Kompakt Sp.z.o.o,c:0t.c|tenant|a3efddbe-34c4-4250-b89c-9f1e899da70f
BRP_Komplex Product Kft.,c:0t.c|tenant|4a0432fd-5931-417c-a659-f079128ee804
"BRP_KONCAR-ENERGETSKI TRANSFORMATORI, d.o.o.",c:0t.c|tenant|8401d87d-c72d-45a1-9be1-48b1afe7906e
BRP_Konepaja Facor Oy,c:0t.c|tenant|2e474c93-9f14-47fd-bed7-84ee1438124e
BRP_Konstyle LTD,c:0t.c|tenant|f7a0c500-5a39-4232-bb8f-559465dd5e33
BRP_Konzanlar Isi Teknolojileri,c:0t.c|tenant|4919109f-f673-437f-abb8-b6e30db30837
BRP_Konzanlar Isitma San. Tic.,c:0t.c|tenant|a6b3edca-5353-401f-8887-a33682729515
BRP_K�r-Terv 68 Kft.,c:0t.c|tenant|e04286f9-4de8-4ff8-9ee3-1bb34a46dc16
BRP_Kozanlar Isitma San. Tic.,c:0t.c|tenant|c5ea6a52-023d-4bad-b7c7-3916843ddb58
BRP_KP MARK s.r.o,c:0t.c|tenant|1a01be4a-8cba-463b-8f4c-68628b43cd44
BRP_Kr�ger Aquacare,c:0t.c|tenant|65d9e91f-2fa9-49d0-9eda-5a25ebb2bfb6
BRP_KTO Supply S.a.s.,c:0t.c|tenant|d61d4159-d628-42ba-821c-0ca37db85908
BRP_K.V.K Kyl-och v�rmetekniska Konstruktionsbyr�n,c:0t.c|tenant|4d6d4e7b-068d-4b9a-8312-556ecad9e2e7
BRP_KVM-Genex A/S,c:0t.c|tenant|d50c3a50-780e-4ad7-88b0-90b3d616ea36
BRP_Kylmet Oy,c:0t.c|tenant|09698fa0-d522-42ea-863e-7f289a99d07b
BRP_Kylmontage Redotem AB,c:0t.c|tenant|716093cd-7157-4e3c-b97a-51d21244f9ca
BRP_Lafipa SIA,c:0t.c|tenant|12cc68e3-90ee-4596-8bf4-95791901873c
BRP_Lamett,c:0t.c|tenant|ed91d9f1-c9ff-43c4-a97f-6b2492d95af2
BRP_Lappeenrannan teknillinen,c:0t.c|tenant|5f49246a-78e2-40aa-a009-a82b10bddaee
BRP_Lautan Teknik Biru Indonesia,c:0t.c|tenant|784e8fc7-6c84-4a5b-8dde-8f7af5e5f9ab
BRP_Leasegreen,c:0t.c|tenant|f0e73518-6dfc-4414-a30f-ff6658f6c7d3
BRP_Ledovit,c:0t.c|tenant|9d758e86-00eb-4f18-856a-cad891f8b25f
BRP_Leicestershire County Council,c:0t.c|tenant|a9cadcaf-8e8f-4608-81a3-8991d3ab0f68
BRP_Leminar Global Distribution & Services WLL (Qatar),c:0t.c|tenant|aef2a31c-1f79-46a9-b701-933b716be73d
BRP_Lenergy Magyarorszag Kft.,c:0t.c|tenant|96e50526-aaad-4f5e-996c-ac346fefc60c
"BRP_Lennox Refac, S.A.",c:0t.c|tenant|df4d29aa-ca0c-43ce-8cb0-b2a6c6550b7a
BRP_LHG Kft.,c:0t.c|tenant|26fc3ec1-5cd4-476e-a5e2-ac42b49d2875
BRP_LINEA FRIGOR S.R.L.,c:0t.c|tenant|9b0d7f7b-b5c7-4f17-be69-e8aedd01d90b
BRP_Liquid Dynamics Ltd,c:0t.c|tenant|6a532d21-62c9-46b7-ae30-4abf71fcb63e
BRP_Longofrigo Srl,c:0t.c|tenant|4ba32255-be1d-475d-8840-b50f4fa3524e
BRP_LONGYEARBYEN LOKALSTYRE,c:0t.c|tenant|97888ed3-7798-4f34-8523-b2ca9fec2edf
BRP_Loughborough University,c:0t.c|tenant|1d809f05-0f45-4843-b88f-8c315f4be02d
BRP_Lovell Partnership,c:0t.c|tenant|866abc75-4546-47cc-8dfc-5a534b6d1cc6
BRP_Lubeteam Hydraulic S.r.l.,c:0t.c|tenant|b963251e-a529-40b0-9672-ceb47c1f3928
BRP_Macolis S.A.,c:0t.c|tenant|4964a1aa-62a8-42f3-b110-c3e20a3a4ec8
BRP_Manchester Metropolitan University,c:0t.c|tenant|db36eb10-4a30-4b7e-93ef-51259873bf72
BRP_Manish Bearing Enterprises,c:0t.c|tenant|1d681acc-fc98-4451-9de0-13482b2a3121
BRP_MAQUIMOTOR S/A,c:0t.c|tenant|ff376a38-199c-473a-944b-6e9a326c2019
BRP_MAR PRODUZIONI S.r.l.,c:0t.c|tenant|b63bcc8b-762b-4c49-b0cd-1a2418a3b584
BRP_Martin Design Associates,c:0t.c|tenant|a6247090-2891-4429-a653-bda293049c34
BRP_Matas Ramis S.A.,c:0t.c|tenant|aef6e1e6-ca66-4661-87b4-22c2aac526e8
BRP_Matex ?�d?,c:0t.c|tenant|0d7b2b1c-f8ef-4449-a0a3-85507cc5ac77
BRP_Matra Int srl,c:0t.c|tenant|cdfbf8b9-3839-44b9-b041-0a34ad724650
BRP_Matra Int. Srl,c:0t.c|tenant|5c4a6861-338f-4936-a3f9-f5bbbf8c142f
BRP_Max Fordham LLP - Edinburg,c:0t.c|tenant|97e28431-9032-4600-a20a-8eebe8dff3d4
BRP_Max Fordham LLP - Manchester,c:0t.c|tenant|00a79185-839b-49d8-9c1d-43eaed3b7cc5
BRP_Maxtwo Process Solutions Sdn Bhd,c:0t.c|tenant|c5fde7f3-a59c-4d25-84ff-4a2e8e1ee523
BRP_Mayekawa Argentina S.A.,c:0t.c|tenant|dfdefe54-f93a-4e3b-8ed2-34b2e5a5f556
"BRP_Mayekawa de Mexico, S.A. de C.V.",c:0t.c|tenant|1db7fb1e-6a25-4f7a-9cf1-7d82a9601361
BRP_MBC Automatyka i Wentylacja,c:0t.c|tenant|e56245dd-316e-4d81-89ae-e3995a4362eb
BRP_MCCE Ltd,c:0t.c|tenant|ea7e8379-9ffc-4cf7-b33b-2fb4c35804f3
BRP_MCD,c:0t.c|tenant|0f9e3baf-81e5-476e-ac7b-33ea414ecd65
BRP_McDonald Engineers,c:0t.c|tenant|7068f198-931a-4562-bb50-2ab2326056a4
BRP_M.C. General Construct Srl,c:0t.c|tenant|395bf70a-4942-4659-a647-a0d9874493ec
BRP_Mechinox CC,c:0t.c|tenant|bec88b71-3e1a-4f03-a802-0f1874e11fbc
BRP_MEC Kolobrzeg,c:0t.c|tenant|65dc9b26-4aa7-4ac9-8baf-07986fc24ce5
BRP_Mega term,c:0t.c|tenant|7d194187-fb1b-42e2-b975-00fc2e04225a
BRP_Mega Term SIA,c:0t.c|tenant|a71d75eb-90c5-494a-bc6b-67fbc588d41c
BRP_MEP,c:0t.c|tenant|a41fd06d-8060-4615-a77a-c73f8fb102fd
BRP_MERCURI ANGELO - FRINDES SRL,c:0t.c|tenant|54602f26-3186-4471-a6fd-8d2ce6a2a358
BRP_Merkezi Isitma Sis. Muh. Proje,c:0t.c|tenant|ee2bb96e-0433-4e5f-a96c-b29052f34f0a
BRP_Metalimpex HES s.r.o.,c:0t.c|tenant|1583879e-9bd9-4e3a-afdc-f64b3959b802
BRP_Metal One / Ideologie (Kenya),c:0t.c|tenant|7daabbfe-409e-4745-aeaa-03811dcef8f7
BRP_Metal One (Kenya),c:0t.c|tenant|81f0b27b-0607-4951-926d-4547084ac472
BRP_Metrolog Sp. z o.o. - Czarnk�w,c:0t.c|tenant|5cb63377-1f54-46c9-bc2c-1e7fffae30d8
BRP_Metrolog Sp. z o.o. - Poznan,c:0t.c|tenant|f93af4d0-e6aa-4c02-ad06-57483700368d
BRP_Metta Muhendislik Musavirlik,c:0t.c|tenant|1c9ea546-2aa0-4afb-8940-b60b7380ca3e
BRP_MHM,c:0t.c|tenant|eb290428-9e2c-4551-a22b-4630047eefcf
BRP_Mikrokl�ma Tervez? Kft,c:0t.c|tenant|9b65c909-2cb0-4d9a-8a28-d89dc6a4013f
"BRP_MINAMIDE KIKAI Co.,Ltd. - Aichi",c:0t.c|tenant|5e5f7b29-8db1-41f8-ace3-a4d78960dcf9
"BRP_MINAMIDE KIKAI Co.,Ltd. - Fukuoka",c:0t.c|tenant|1cc1f260-10ff-434d-9c8b-a2b2cbc9f7f0
"BRP_MINAMIDE KIKAI Co.,Ltd. - Fukuoka Kita",c:0t.c|tenant|4b7476b6-8332-4440-af4b-d98663dd0ca3
"BRP_MINAMIDE KIKAI Co.,Ltd. - Hiroshima",c:0t.c|tenant|63dab10b-79d3-4839-abee-6158a6a14bb0
"BRP_MINAMIDE KIKAI Co.,Ltd. - Hyodo",c:0t.c|tenant|b794886c-b4a6-49bb-813d-87db60fae228
"BRP_MINAMIDE KIKAI Co.,Ltd. - Ishikawa",c:0t.c|tenant|ada6ff76-85a9-4744-8f95-23602391871e
"BRP_MINAMIDE KIKAI Co.,Ltd. - Kanagaw",c:0t.c|tenant|51626796-3176-4940-a743-3beba5d57874
"BRP_MINAMIDE KIKAI Co.,Ltd. - Kyoto",c:0t.c|tenant|6859de1b-2eb4-4ec0-acf5-570df9f6acce
"BRP_MINAMIDE KIKAI Co.,Ltd. - Okayama",c:0t.c|tenant|4e3a126f-bb95-4e7f-8dc5-6bbf5998ae30
"BRP_MINAMIDE KIKAI Co.,Ltd. - Osaka",c:0t.c|tenant|4db7690e-c190-40bb-8fef-2c6f06c8359a
"BRP_MINAMIDE KIKAI Co.,Ltd. - Osaka Higashi",c:0t.c|tenant|9eff6c14-0701-4ebc-a65b-fcc8b8edfeca
"BRP_MINAMIDE KIKAI Co.,Ltd. - Tochigi",c:0t.c|tenant|3bc0f1f3-0703-44a4-a4c5-35059165b7c9
"BRP_MINAMIDE KIKAI Co.,Ltd. - Tokushima",c:0t.c|tenant|b0ef4ae0-d59d-404e-a99c-fd449764e150
"BRP_MINAMIDE KIKAI Co.,Ltd. - Tokyo",c:0t.c|tenant|4705c9b0-7b96-4da7-9ba7-2442467108b3
"BRP_MINAMIDE KIKAI Co.,Ltd. - Tokyo Kita",c:0t.c|tenant|cbec62d8-118e-4ec9-aa11-24c79303897c
BRP_Mira Muhendislik. Ins. Taah.,c:0t.c|tenant|423ea033-ff4e-440f-b7a1-507be335145d
BRP_Miroslav Legutko,c:0t.c|tenant|86b96f8b-854f-4451-ada4-08ff393976ae
BRP_MKP Consultants Ltd,c:0t.c|tenant|9681ed52-4168-4706-a270-1c270984a436
BRP_MMK Energi AB,c:0t.c|tenant|f9086696-b29d-4c63-b35d-f39cc82d5cad
BRP_Monoclor,c:0t.c|tenant|a8740149-e2d2-43ab-a831-1868b3709a92
BRP_Monoclor srl,c:0t.c|tenant|2674d756-3625-427d-92c5-12961b125825
BRP_Montorio S.r.l.,c:0t.c|tenant|3d5a2f97-05f8-4604-8372-5ae0ed76d25d
BRP_Morena,c:0t.c|tenant|62f224ad-d8a2-435c-b931-6ff1c6082aaa
BRP_Morgan Sindall,c:0t.c|tenant|276ebd5d-88f4-4300-a834-6f2b2ba4ab83
BRP_Morimatsu Industry CO. - Aichi,c:0t.c|tenant|efcabe5d-c124-40c1-9efb-6b381c10f308
BRP_Morimatsu Industry CO. - Fukuoka,c:0t.c|tenant|4d59866b-adc6-4f12-8aab-b4da21d7bc47
BRP_Morimatsu Industry CO. - Miyagi,c:0t.c|tenant|4a801fca-ad04-4bdf-a4e8-cb6ce51a4c2c
BRP_Morimatsu Industry CO. - Nagano,c:0t.c|tenant|d5ece4e6-e444-4819-b8db-d08ec3325bba
BRP_Morimatsu Industry CO. - Saitama,c:0t.c|tenant|3bacca2a-599c-4d12-8f3b-fe0d13a41495
BRP_Morimatsu Industry CO. - Tokyo,c:0t.c|tenant|49f3dcf1-eebb-4390-b7f6-eb067ddb12fa
BRP_MOTOR-SERVIS IN a.s.,c:0t.c|tenant|d9f655f3-4e67-4e63-919a-4e8d0e4b75bd
BRP_Mott Macdonald - Leeds,c:0t.c|tenant|32997753-dfaf-4086-becb-2bbe3133c8a3
BRP_Mott Macdonald Ltd - Altrincham,c:0t.c|tenant|08627893-b13b-4c3c-a066-436087c277fd
BRP_Mott Macdonald Ltd -�Birmingham,c:0t.c|tenant|e201841f-cbc9-4aa5-9fce-dde68b056198
BRP_Mott Macdonald - Newcastle,c:0t.c|tenant|121a8b8f-1f4d-42ab-a907-fc08ad709474
BRP_MPEC ?om?a,c:0t.c|tenant|286bdb89-d684-4a08-8da0-123b873d478d
BRP_MRS Technology Inc.,c:0t.c|tenant|3b52f0bb-7700-494c-bbe6-cd116412b1ef
BRP_MV J��hdytys Oy,c:0t.c|tenant|f34bfe9c-7e70-4f81-acb1-93c20ad99ee6
BRP_MXDTRADE,c:0t.c|tenant|abbf2a1f-838d-40d3-b76e-5248fc2cbf95
"BRP_NAGASE CHEMICAL CO.,LTD",c:0t.c|tenant|3c383b50-b5fa-44e2-b875-ddeee1d4a101
"BRP_NanChang Woci Machine Equipment Co., Ltd.",c:0t.c|tenant|7d10855d-6389-4c7f-a252-fbc5b4f31a49
BRP_Nanjing Pilsen Heating Technology Engineering,c:0t.c|tenant|2c5c85fc-074a-47ae-8e8e-52924eb3d112
BRP_Nemasis Ltd.?ti,c:0t.c|tenant|e0c67977-b737-4126-b739-c3a5ac07f5d9
BRP_NEREZ SLOVAKIA s. r. o.,c:0t.c|tenant|2e5b9db0-bd67-498d-b580-ac1fd408a14b
BRP_NESSTRA SERVICES,c:0t.c|tenant|37d47cee-4a6a-4740-99f2-c7d1e1958730
BRP_Newark Copper Cylinders,c:0t.c|tenant|523b1527-49de-46ca-bd21-64192bdc7325
BRP_NG Bailey & Co Ltd,c:0t.c|tenant|628b8e18-8f83-4285-a8c5-cf0e9e1f586b
BRP_NG Bailey Offsite Manufacture,c:0t.c|tenant|0b4d7175-d9ce-44c7-bffd-f7581405c507
BRP_NH3 Solutions ApS,c:0t.c|tenant|3730bbf5-cb2d-44da-8ca3-65ec8575d6cd
BRP_NHS National Services Scotland,c:0t.c|tenant|8d8c716c-27ae-4cba-82db-fedcb425fbef
BRP_Nicaragua Servicios S.A.,c:0t.c|tenant|2d4a0e1b-510a-4ce3-a204-a7d53822709e
"BRP_Nicolau & Rosa, Lda",c:0t.c|tenant|9895e9d3-2765-4f0c-b38c-2ed37123a3a8
BRP_NIFES Consulting Group - Altrincham,c:0t.c|tenant|1f4f77a0-a6bf-4003-8baa-5d2658ebeaa1
BRP_NIFES Consulting Group - Glasgow,c:0t.c|tenant|04ee7906-1697-415c-a63b-fbd23b42056e
BRP_Ningxia weiken machine electronic equipment co. LTD.,c:0t.c|tenant|0da99352-1a22-4267-a3d6-23abbefd7564
BRP_Niras R�dgivende Ingenj�rer,c:0t.c|tenant|be740330-0f9f-4ffa-b799-f2aa9b0c72c8
BRP_NKI Kyl AB,c:0t.c|tenant|e14a75d2-35d5-4198-bcce-5e4e41284e20
BRP_Norconsult AS - �lesund,c:0t.c|tenant|1d56a0da-3f04-40cb-a035-5e9914c1144e
BRP_Norconsult AS - Sandvika,c:0t.c|tenant|a9185163-5b9f-4cf7-a2ca-2b8a8ed9b381
"BRP_NORD ARBONA, S.L.",c:0t.c|tenant|6ec5920a-7d98-4a14-afe3-5dafc876f26b
BRP_Nordest Cold S.r.l.,c:0t.c|tenant|9118167f-6714-482e-821c-b5c570b5f0c6
BRP_Nordholms AB,c:0t.c|tenant|543c0a57-7d13-422b-a98e-ff29201dd29a
BRP_Norpe AS,c:0t.c|tenant|94c6ba15-d684-4432-84bb-9e033d148e8b
BRP_Northvolt AB,c:0t.c|tenant|3e0092b5-7848-45d0-a693-04643b96106b
BRP_Norwegian Electric Systems AS,c:0t.c|tenant|be8671f7-1e7a-4df1-a47e-143bf826b644
BRP_NOURI INDUSTRIAL EST. Co,c:0t.c|tenant|885d5edf-d942-4b5a-825d-6cb557b1bb4b
"BRP_NOVELEC RIAS BAIXAS, S.L.",c:0t.c|tenant|a23846c1-39c7-484e-a5ba-db91ff303c85
BRP_NUKLEON s.r.o.,c:0t.c|tenant|6a93662a-cdaf-402d-9b51-6bde1a84128c
BRP_�buda �ltal�nos M�rn�ki Tervez? Iroda Kft.,c:0t.c|tenant|5c66421b-efce-4486-99ee-8cb21b6c0b34
BRP_OEM Spares Ltd,c:0t.c|tenant|6596022c-f7b5-4638-9da0-0e605aa7a136
BRP_O.I.B Refrigeration Services Ltd.,c:0t.c|tenant|86e264bd-26f8-46f5-b367-ccc54a77b440
BRP_Oilon Oy,c:0t.c|tenant|12696a09-0700-4c66-b2ba-3a6ef558da72
BRP_Oleodinamica Sabatini S.r.l.,c:0t.c|tenant|11ea46b1-ed4c-4784-a15d-d44eee461b78
BRP_OL-TERM Rudzi?ski Trusielewicz,c:0t.c|tenant|4ca04ff8-2b5a-4264-99d8-ca8377e577bb
BRP_Ol-Term Sp. J.,c:0t.c|tenant|3d8a2536-6eae-4ffe-9719-a2cc34929c44
BRP_Omipa Spa,c:0t.c|tenant|9fe778f0-eb32-44a7-9a32-4cdb8de2e846
BRP_OMS Presse S.r.l.,c:0t.c|tenant|06ae7203-84fd-4c02-a302-9afde7a2cea8
BRP_One Solution Holland BV,c:0t.c|tenant|5c26f1ca-0a97-4df1-8ebf-3900388761dc
BRP_Onevas,c:0t.c|tenant|711f46ee-3f2a-4dcb-b581-b7ddd78983a6
BRP_Onkilahden Metalli Oy,c:0t.c|tenant|cc1b4ed8-e25c-43b7-879e-dd98e1088abd
BRP_Onnien Oy - Kuopio,c:0t.c|tenant|72b2f498-78cc-49ef-8a0c-2403198c934c
BRP_Onnien Oy - Vantaa,c:0t.c|tenant|de617202-37ee-45a8-9275-4c41be741f27
BRP_Onninen Oy,c:0t.c|tenant|d8f26654-9b5d-4401-aeb3-b9bb4a2e3bb3
BRP_Optimal Energy Solution-Fair Service d.o.o,c:0t.c|tenant|8e392f94-71e6-42c4-94b7-3f7b6a39d7e9
BRP_Optima M�hendislik,c:0t.c|tenant|ccf388a6-ecef-4e68-95be-a3a39d1274f7
BRP_Orange,c:0t.c|tenant|c7b0bd54-80fe-4822-a995-a404d18c4c2d
BRP_Orbicon A/S,c:0t.c|tenant|7efa5959-d914-48ed-a60a-d20b2d2c614b
BRP_Oref Industrie SRL,c:0t.c|tenant|ca4a7dbb-9b82-42e2-9fbc-65f8fe6f33d2
BRP_�restadskyl AB,c:0t.c|tenant|74ec0fa0-26e8-4497-9c70-d709255236cc
BRP_Origen Ltd,c:0t.c|tenant|83873c1c-f9c6-48c6-affe-acc321968077
BRP_OSO Hotwater AS,c:0t.c|tenant|33b62f4f-17d1-4e6b-b0a9-e2558dacd3d9
BRP_OTRAL s.r.l.,c:0t.c|tenant|0b090ae4-5f1f-4591-b46c-9a5f021670d3
BRP_Outin Plant Co. Ltd.,c:0t.c|tenant|3210ab04-541e-4222-a93c-2459c373c6c9
BRP_Oversluizen Thermal Engineering,c:0t.c|tenant|364b9e33-a9d0-4374-bb94-7bb20fce106d
BRP_Oy Nestepaine Ab,c:0t.c|tenant|651c98ee-a65d-46ad-aff4-1c6688f4103e
BRP_Oy SKF Ab,c:0t.c|tenant|eeb8e46d-6e02-4981-829d-23ee2de33557
BRP_P2 Projektpartner AB,c:0t.c|tenant|b61200da-4699-4b6b-b614-990d69a3b022
BRP_Pace Engineers,c:0t.c|tenant|2ac4cbd5-7702-440d-ae95-fc7fe3d82374
BRP_Pahl�n AB,c:0t.c|tenant|4f0814d2-04e1-4d6e-9b83-f88b5c6ac19b
BRP_Paisley Engineering Ltd,c:0t.c|tenant|8d27e227-7832-4d21-aaf8-2ce964fdf3c7
BRP_Parmab,c:0t.c|tenant|765b3dba-e7d5-40fe-9bac-d935d0f45e22
BRP_Parmab Drivelement AB,c:0t.c|tenant|88ea3e53-c82d-4fdd-9236-e3f2bc97aa70
BRP_Partor AB,c:0t.c|tenant|64dfa730-1161-459f-bc6f-39abab0aea70
BRP_Patsan Engineers,c:0t.c|tenant|97ad3bad-f095-4954-8bf7-f879728d9d31
BRP_Paulus AG,c:0t.c|tenant|9b95e563-0c03-4dc5-bed3-e90cc2438392
BRP_PEC Minsk Mazowiecki,c:0t.c|tenant|88c95055-eb07-4b03-9762-661d2e4f25ed
BRP_PEC Sp. z o.o. Tychy,c:0t.c|tenant|483de946-fcde-421f-92b2-4bed22319931
BRP_Peter Skovbon R�dgivende Ing,c:0t.c|tenant|f4edd031-ff27-4c19-bd04-964ac645a9c8
BRP_Petra Engineering Industries Co Ltd,c:0t.c|tenant|d5447068-dc77-4d25-9d19-dd5bc341812f
BRP_Petro Bio AB,c:0t.c|tenant|b94fbfc3-045b-486d-918b-8503534836e3
BRP_Pick Everard,c:0t.c|tenant|4e25a609-ecdf-4e84-96fb-50a20ed1491a
BRP_Piem Ltd.,c:0t.c|tenant|39e4e851-8e27-4dfa-92d5-b9dcd6d3b56a
BRP_Pim M�hendislik Ltd. Sti.,c:0t.c|tenant|0f20c5e1-5d8a-4c25-87da-59bcc2cc817f
BRP_PipeTech AB,c:0t.c|tenant|5e3bf3f6-94e6-4862-b0f1-868822bb4fc5
BRP_PMC Hydraulics AB,c:0t.c|tenant|c5aaddde-1a81-45d8-a329-569000b27286
BRP_PMC Hydraulics AB - Askim,c:0t.c|tenant|25f10383-d7d4-49e1-ba8a-7c880bbc56d1
BRP_PMC Hydraulics AB - Ystad,c:0t.c|tenant|d1602db3-9cb1-483b-a6bf-0e357e1686c7
BRP_PMC Hydraulics Oy,c:0t.c|tenant|e32178a2-0182-40bb-b4da-22125972dd04
BRP_PMC Polarteknik,c:0t.c|tenant|88881bf4-498d-4d9c-89bf-7a52a78f0e43
BRP_PMC Polarteknik Oy Ab - Nastola,c:0t.c|tenant|6c8222dc-0220-40b5-9a0e-f9aed1325836
BRP_PMC Polarteknik Oy Ab - Vantaa,c:0t.c|tenant|526655ff-edf7-4a41-a97e-95dd6814cb35
BRP_PMC Servi AS avd. Ski,c:0t.c|tenant|eff665aa-2105-471e-aee0-a5489486c84f
BRP_PMC Technology A/S,c:0t.c|tenant|7d0e9c76-3f3a-4616-87d9-dac7765cc882
BRP_PM group,c:0t.c|tenant|e8161cc9-4c74-4d6d-9b2a-24c73252062e
BRP_Pneumatic Ind-Tech S.r.l.,c:0t.c|tenant|1a351574-3e81-4df1-8fd0-07ffa0e30052
BRP_POL-CON,c:0t.c|tenant|8317a99e-50f2-479f-b5dd-1b5b86e411c2
BRP_Polish technical university,c:0t.c|tenant|41debeb1-69e3-41be-a3a1-58d47bfcd312
BRP_P.P.H. Masterpol Sp. z o.o.,c:0t.c|tenant|264286a7-d24c-4f55-bf52-b7b123bf4b6a
BRP_Prema AB,c:0t.c|tenant|d6e6f46f-863c-48cd-9d0f-5eb8c4efe2f8
BRP_PRODITECH Kft.,c:0t.c|tenant|12022dc8-7a99-4d02-b67a-b31f3fed82df
BRP_Projprzem,c:0t.c|tenant|f2eb41b6-392f-4654-b523-7ae64396c576
BRP_Propumps Great Configured Co. Ltd.,c:0t.c|tenant|9cf5dd5a-401d-44a0-a918-d26e017d4ec9
BRP_Pro Ref AB,c:0t.c|tenant|d9e3f149-3a77-4847-9b12-c1029e1524cb
"BRP_PROVAIDER, S.L.",c:0t.c|tenant|6b7a7643-fb0a-4883-83e4-51d47043185d
"BRP_PSK Frostland, LTD",c:0t.c|tenant|2aa81dc1-65bd-4ad0-876a-5e4be8d3c95c
BRP_PT Pagodasakti Prima Refrigerasi,c:0t.c|tenant|90dcba0f-b4dd-470b-87c9-0830ae04d412
BRP_Pump Service Center,c:0t.c|tenant|bf782a81-5f00-4952-ac2a-e4bfafdba357
BRP_Pure Perform Co. Ltd,c:0t.c|tenant|b611983a-91bd-4473-b85b-cb70564cab3f
BRP_QPLAN Hutestechnikai Kft.,c:0t.c|tenant|03cb3f47-d836-4a37-b2c8-123db1d611cf
BRP_QS Group S.p.A.,c:0t.c|tenant|411322e5-7c96-4be4-8ff8-6948cde280d1
BRP_Quality Engineer Design,c:0t.c|tenant|3933bf2d-1647-4ff7-8fb9-ce1338c45499
BRP_Radiadores Industriales Tubillas,c:0t.c|tenant|77f67416-bf70-406c-ae34-4e953d6a9feb
BRP_RAICEN SRL,c:0t.c|tenant|6077ec9f-c24e-4a8a-808f-5c7da159c5d6
BRP_RAIME S.p.A.,c:0t.c|tenant|2d4fa2ce-97a8-4d66-948e-bf2aef181371
BRP_Ramazzotti Matteo,c:0t.c|tenant|cfde957f-d354-4380-adcf-b7023202ee9f
BRP_Ramboll UK Ltd,c:0t.c|tenant|4a1d9887-5162-422b-8fce-1c739a2e54b6
BRP_Ramboll UK Ltd - Edinburg,c:0t.c|tenant|00aaa660-d6bc-476a-b93f-809e575b5f50
BRP_Ramboll UK Ltd - Manchester,c:0t.c|tenant|ad34d403-7031-4d72-82de-e61cc0b914e8
BRP_R&B Scambiatori di Calore S.r.l.,c:0t.c|tenant|30ece756-7cae-413c-8db8-88e07e0052c1
BRP_RC Group,c:0t.c|tenant|974cd892-7f05-455f-9c31-efc17ef798bb
BRP_Reci Klima- og varmeteknik,c:0t.c|tenant|33e47b1a-b37e-4d07-bc90-2d4c025a9e77
BRP_Reci Varme- og Klimateknik ApS,c:0t.c|tenant|26ab1765-4983-4d07-9456-7667c8eec751
BRP_Redenko parts and service,c:0t.c|tenant|90415024-b7ae-4ebc-938f-61996bb24068
BRP_Refcon AB,c:0t.c|tenant|02b04711-03dc-49a8-961b-8f2e897da42c
BRP_Refcool,c:0t.c|tenant|95ab138b-3df7-4a07-8139-71e11b244ef3
BRP_Refmar SRL,c:0t.c|tenant|74242a31-ecdd-4ead-abfe-6a427fee71d1
BRP_Refparts Scandinavia AB,c:0t.c|tenant|fe0278a2-317b-4c21-8002-4f78d6285ca8
BRP_Refra UAB,c:0t.c|tenant|3a4f89c5-b09e-4593-b466-45bda5509ab4
BRP_Refridcol SA,c:0t.c|tenant|90215be6-8427-4aa2-9c17-1846687489ba
BRP_Refrigeraci�n Carrasco,c:0t.c|tenant|6c5e263b-7f7f-443c-8d9f-85a98da953d2
BRP_Refrigeraci�n Industrial Beirute,c:0t.c|tenant|7dedbe3c-6558-4bcc-b744-3c27548caccb
BRP_Refrigeraci�n Montoro Consulting,c:0t.c|tenant|c82ef74d-5520-46f7-b7e1-e14faad3e2be
BRP_Region Voda,c:0t.c|tenant|dd6d2c68-1ea5-4221-b49e-df1e0a9168f4
"BRP_REINMEX, S.A. DE C.V.",c:0t.c|tenant|4ad1d100-82d8-41f1-a719-f449bca5f2a1
BRP_Renewable Living,c:0t.c|tenant|83980f47-cc08-49b7-921b-3fb5b9a0523b
BRP_Retails Technics bv,c:0t.c|tenant|6baa72eb-e1d2-42d2-948f-77aa6e60b46f
BRP_RHOSS S.p.a.,c:0t.c|tenant|080ae432-222e-4c5d-8a91-dda9dd95f5ce
BRP_Richardson France,c:0t.c|tenant|b6f8ebc7-d3e9-4c4f-a951-0cdd5a7a7e4d
BRP_RIGATELLI ALESSANDRO,c:0t.c|tenant|1a7e2d7b-e7e2-4cee-960f-407c31487863
BRP_Rima Impianti S.r.l.,c:0t.c|tenant|1e49bba0-fc0b-4d25-b204-cd1cc5afa8de
BRP_Rintusac,c:0t.c|tenant|2fc631f0-c1db-4b0c-b0a9-518126e3ef2e
BRP_Rishabh Enterprise,c:0t.c|tenant|60086758-f0e6-4e04-958e-2c83194ef81d
"BRP_Ritex Machinery Co., Ltd.",c:0t.c|tenant|a5411356-3817-47b5-9073-0d06cb617d08
BRP_Ritim Teknolojik Tesisat,c:0t.c|tenant|0e36acd5-e61a-4841-8f9e-d02aaac8823a
BRP_Ritim Teknolojik Tesisat Muhendi...,c:0t.c|tenant|6649c78e-95c4-46fe-9c53-33f2be9dbd16
BRP_Rivacold s.r.l.,c:0t.c|tenant|1d19e89a-aa7b-4f11-8eb9-32487a27de13
BRP_Rivatherm,c:0t.c|tenant|34e35102-5e52-4855-8a9b-986927cd7c3f
"BRP_ROBERT BOSCH ESPA�A, S.L.U.",c:0t.c|tenant|f620b322-610e-4db7-b2c5-b22e0fc6ba76
BRP_ROLESCO S.r.l.,c:0t.c|tenant|5535be49-90b5-4259-9acc-ff43d7dd654e
BRP_Rota Engineering Project,c:0t.c|tenant|c914685c-0773-4a3a-83a2-c54dd1cd8edc
BRP_Royal Haskoning,c:0t.c|tenant|76d67175-bd0f-4a64-a6a5-b2e879c54a8f
BRP_RPS Gregory,c:0t.c|tenant|a464b76e-c158-4602-b4b5-230dc87e5a5a
"BRP_Rybsa del Norte, S. A.",c:0t.c|tenant|74b67079-d20a-4d61-9c6b-8bbef51c3ad8
BRP_Saab Kockums AB,c:0t.c|tenant|0dc47cf6-74ff-411b-bc42-a7404cebea27
BRP_Saltoji Banga UAB,c:0t.c|tenant|21a3418a-2cf3-49a0-9437-c9311bb3b532
BRP_Salvador Escoda,c:0t.c|tenant|1ec466cf-8f3e-4cf0-be50-8d9415e98a90
BRP_Sandometal SA,c:0t.c|tenant|cecec755-f4ca-43e3-b0c4-ba9fc5033126
BRP_Sani-Tech Grupa SBS,c:0t.c|tenant|18f8eafe-e315-4ef5-9960-815bd5b2c858
BRP_Sanmar Enterprises,c:0t.c|tenant|65cd17e1-8c59-4ef9-aed2-90ddef7a0e49
BRP_SARL GENIE HYDRAULIQUE CLIMATIQUE (Algeria),c:0t.c|tenant|15074ba4-a1e4-47a0-80ab-3cbc3b85f213
BRP_Sarmayesh Garmayesh Abnoos,c:0t.c|tenant|c27046f9-b4ed-42dd-aa74-b7ef09293003
BRP_Scania AB,c:0t.c|tenant|c98e08cf-f1dc-4bc6-8346-d89841284154
BRP_Scanoffice Oy,c:0t.c|tenant|c195eea7-0a0f-413d-95dc-308f09a4bac5
BRP_Schiessl K�ltegesellschaft m.b.H.,c:0t.c|tenant|07514d89-23fb-4602-9294-401c033d094b
BRP_S.C. MARAL S.R.L,c:0t.c|tenant|4f869fdc-2770-4671-bc66-9ac2f523a0f3
BRP_SCM Frigo Spa,c:0t.c|tenant|e28ae2d7-3967-412c-9b71-69d52dde994a
BRP_SEANERGY MARINE,c:0t.c|tenant|8be64c8f-c0a9-469c-96d9-7f73a6ef6c88
BRP_Seas Consultant,c:0t.c|tenant|d666e610-8ed6-4a90-94e6-fd5e8c979568
BRP_Seatecco,c:0t.c|tenant|cd179f33-c019-4355-96ad-ec256e9980ff
BRP_SECADEROS Y FRIGORIFICOS,c:0t.c|tenant|bfa40f8f-4fb2-48a6-a6c2-8b88afb2537e
BRP_SEC Szczecin,c:0t.c|tenant|3a907e73-bf95-447a-b205-59b7dad27bce
BRP_Sega Insaat M�h. San. Ve Tic.,c:0t.c|tenant|a3d8c077-c136-4a80-bf15-4c3983f7ebce
BRP_Sega In?aat M�h. San. Ve Tic. Lt...,c:0t.c|tenant|8a4777b5-4f6b-4999-b832-fbe01003603e
BRP_Selfrio - Engenharia do Frio SA,c:0t.c|tenant|5e4707ad-3a56-4cb2-8f41-0f0581058ef4
BRP_Semin Tecnica e Comercio,c:0t.c|tenant|96030552-7719-47ab-bd22-f420d376db7a
BRP_Servi AS,c:0t.c|tenant|10eaa716-3f9e-4b44-b5a0-6ffae21c5e56
BRP_Service Design Associates,c:0t.c|tenant|1ff0d2e5-86cc-41a6-a59e-a903797010e7
BRP_Service Design Solutions Ltd,c:0t.c|tenant|836b2e8d-db1c-4b14-b882-978bdd262a38
BRP_Servicios Palau,c:0t.c|tenant|c4d92f32-463e-4ae8-8efe-2120e310ff53
BRP_Servi Hydranor AS avd. Ski,c:0t.c|tenant|16c04a2b-8947-4588-a338-40e4ef892814
BRP_Servo Tech,c:0t.c|tenant|e896bbb7-141d-4eb5-bd9a-b540671756ee
BRP_Setalde S.A.,c:0t.c|tenant|a7e98f70-3f50-44d9-a679-43616831691a
BRP_Setalde Suministros Integrales,c:0t.c|tenant|4f315442-22ab-4e7c-887f-f37e19b1021d
BRP_Setta M�hendislik Ve taah�t A.S.,c:0t.c|tenant|b450f2d2-ac10-43ca-8f60-4219b4b1a13e
BRP_SGP,c:0t.c|tenant|97496045-7f98-49b5-8686-0db0a5115318
BRP_SGP Armatec AS,c:0t.c|tenant|c97a6078-9953-4fd2-a7a6-c152bb2eb55f
"BRP_Shanghai FengLu Fluid Technology Co., Ltd",c:0t.c|tenant|abbd40bc-6a24-4a8d-b4cd-4ae1bd854779
BRP_Shanghai Jiuhan Mechanical & Electrical Equipment,c:0t.c|tenant|471a0549-1ec5-4aa3-8fd0-919f125f78a5
BRP_Shanghai Maximum Environment & Engineering,c:0t.c|tenant|81fb95e9-cb35-4727-b587-6f90d1053b6f
"BRP_Shanghai Zhanying Industrial Co., Ltd.",c:0t.c|tenant|b0f6b53e-660f-4579-bbca-c6861b09d02e
BRP_Shannon Refrigeration,c:0t.c|tenant|379496dc-0114-4946-a18b-073ef1d4f0ac
"BRP_SHIMAKURA IRON WORKS CO., LTD",c:0t.c|tenant|e25e43d4-478a-4374-bda3-8ee080202f68
"BRP_Shimotech Co., Ltd.",c:0t.c|tenant|322bc4df-10ff-4c7c-af7a-964a3fddb9d6
"BRP_SHOEI KIKO Co., Ltd.",c:0t.c|tenant|bc0301ef-a9e1-4a99-862d-50250c6c09b8
"BRP_SHOEI KIKO Co., Ltd.",c:0t.c|tenant|c03bce42-b0ea-42e8-a46c-0964aa43d0f1
BRP_Sibenergokomplekt,c:0t.c|tenant|13f0b246-9d92-4f6b-b52a-17858acefecc
BRP_Sideridraulic System S.p.a.,c:0t.c|tenant|bf9f9319-9cb4-41d9-863c-7ac4bc27b7f9
BRP_Silcock Dawson and Partner,c:0t.c|tenant|7828ab62-4083-40b7-9723-73dcff4d54e6
BRP_Silcock Leedham,c:0t.c|tenant|7fff3826-ff06-4546-8787-33deedda3caf
BRP_Sildor Prod Srl,c:0t.c|tenant|cfefc36c-9bd7-485e-b9e5-34a2ed504560
BRP_Sine Consulting Ltd,c:0t.c|tenant|17df4556-02d4-4d6e-8c38-67a81fe1dc69
BRP_Sinergie S.r.l,c:0t.c|tenant|a2cebfa1-a790-4481-94a6-d711e0656112
BRP_Siner Proje ?n?aat ve g?da,c:0t.c|tenant|3a371773-d9d0-4e1c-956e-90deb025f52c
BRP_SINOP CB a.s.,c:0t.c|tenant|94971cab-af36-4496-8cfa-09037c5ac850
BRP_SISTAVAC,c:0t.c|tenant|11849346-69b1-4bf7-a1d6-aefa808449a6
BRP_Sistek A.?.,c:0t.c|tenant|0bc2f940-cc04-4dea-8b1d-8bedd6ae695f
BRP_Sistemas de Refrigeracion FIS,c:0t.c|tenant|11baf719-b95c-4b6a-95c4-c081671aef55
BRP_Sistemas de Refrigeracion FIS de RLd,c:0t.c|tenant|6683d387-5ba3-4720-b63b-f6fda78e26b7
BRP_Sistem Cold Srl,c:0t.c|tenant|c0036ece-5b18-4caf-b681-181d1af0fb83
BRP_S.I.T.T.I.N. Srl,c:0t.c|tenant|e8fab312-736e-4ad9-b885-1b0bb66d18b4
BRP_Skandinavisk Termoekonomi AB,c:0t.c|tenant|844310cf-7700-4a3f-8ff2-ce2a452c8cfc
"BRP_SK Chemical.co.,LTD",c:0t.c|tenant|6b244335-969f-42a0-94e7-03ff9e2e20cb
BRP_SKF Oy,c:0t.c|tenant|05561f73-8dbc-4969-b450-a08ae0d9f3de
BRP_SKM Air Conditioning,c:0t.c|tenant|d8489fd8-901c-4d96-8d7b-755718c52725
BRP_SMG-SISU Kft.,c:0t.c|tenant|54addd6e-400a-46dc-964c-3f958360229e
BRP_S.& M. Srl,c:0t.c|tenant|68bd069e-fe6a-48db-a458-f9f6e14373e6
BRP_Soc. Aspex S.r.l.,c:0t.c|tenant|7a882adb-0698-4493-a47b-e420362fc1e2
BRP_SOCEQUI - SOCIEDADE DE EQUIPAMENTOS,c:0t.c|tenant|fbd29b4e-1097-4e51-a85a-af64594430cd
BRP_Sodexo AB,c:0t.c|tenant|8f36df4a-e4b8-4374-b2d2-5a7850f9e0b3
BRP_SodrugestvoT JSC,c:0t.c|tenant|eee54c62-1c96-41a0-a0fb-45c8d0574e36
BRP_Sofinther,c:0t.c|tenant|ca1570da-2a1e-4bcc-a95d-e203c1e40363
BRP_SOFT COMPREST SRL,c:0t.c|tenant|d3cfbce7-d7bc-4cdf-980f-d80e67671d2b
BRP_SOK,c:0t.c|tenant|5ab62517-d232-469e-ac6d-256ba0b8c35a
BRP_SOLUCIONES EN PROYECTOS,c:0t.c|tenant|e828a19e-ecdb-434f-8d22-970225d7042d
BRP_Soos es Tarsa Hutotechnikai Zrt,c:0t.c|tenant|d4bfeffe-4b34-4b6c-8dda-ad2c93a5528a
BRP_Soos es TSA Zrt.,c:0t.c|tenant|c75732af-713d-4334-a796-fe609c66f3c7
BRP_Sopron Holding Zrt.,c:0t.c|tenant|5f61807a-928e-414e-aae2-c2c2185d29c6
BRP_Sotec,c:0t.c|tenant|efdb7ddb-d9d3-4d59-b75f-6d57bebb03c2
BRP_Space Engineering Services,c:0t.c|tenant|ee807e8f-06c4-41e2-96ba-d4fe8aaafad5
BRP_Specma Hydraulic Nord AB,c:0t.c|tenant|c89d9d60-0cfb-4b72-a22a-cd0e53d247c8
BRP_Spirax Sarco Industria e Comercio Ltda.,c:0t.c|tenant|d2d57ac8-a3e3-4452-b8d7-b4d58d191037
BRP_Spoormaker & Partners,c:0t.c|tenant|1cdff1c1-af1e-44e7-9ce1-a175ec124a5d
BRP_SQ Projekt,c:0t.c|tenant|2eb122e3-aa8d-4741-bd26-bedf77791110
BRP_SQ Projekt Tomasz Wojcikiewicz,c:0t.c|tenant|f80c2078-623e-4214-9024-953caea8e349
BRP_Statkraft V�rme,c:0t.c|tenant|46cd2b3f-3f89-4052-bd61-a1eb57a4d6ec
BRP_STEA SpA,c:0t.c|tenant|8ce2d1b9-fd69-4bce-84d0-08980e596c11
BRP_STOR Ltd,c:0t.c|tenant|1b77facf-3cf4-4054-b6a2-5d548657c4f7
BRP_ST Partners,c:0t.c|tenant|13781fb0-d1ab-429e-972b-77d79dd68c83
BRP_STUDIO AB PROJECT,c:0t.c|tenant|31f8a99d-d181-49f3-8d2d-1f2508840605
BRP_STUDIO ASSOCIATO CORTESI,c:0t.c|tenant|2408572c-b95d-48a3-b3e9-02eefa677ba5
BRP_STUDIO CARMINATI,c:0t.c|tenant|e7f871fd-c304-400f-b222-c0d5e92ed48c
BRP_STUDIO FERRARI BROCAJOLI,c:0t.c|tenant|b266761d-29b2-4c69-b348-dc144fd3ba69
BRP_Studiogramma s.r.l.,c:0t.c|tenant|30e369a5-9d64-4469-9b36-72f02477b463
BRP_Studio Milani Ing. Massimo,c:0t.c|tenant|51594c20-3ea7-4fc4-bbb4-0152a83ce0cf
BRP_STUDIO P.I. PANNA,c:0t.c|tenant|a69c3f83-39c8-45d6-be4b-1c7a1a2750fd
BRP_Studio Progettazione Impianti Tecnologici,c:0t.c|tenant|352098a1-932a-45f0-ad0a-6a0e7ab774a8
BRP_STUDIO PROGTERM,c:0t.c|tenant|d56c5cc0-ae5a-4a9e-b0d1-effccf444baf
BRP_STUDIO QUARTINI,c:0t.c|tenant|de2f24c9-5320-405e-aa10-5b01c5249af8
BRP_STUDIO REDONDI GIACOMINO,c:0t.c|tenant|42061555-4cb5-45c2-8cfa-8b8e932a794e
BRP_Studio sauro,c:0t.c|tenant|aebeea13-6439-40c5-bb45-dbae2d338c8f
BRP_Studio Service,c:0t.c|tenant|0aa9be47-5156-476e-8d6f-49e4f526fd8b
BRP_Studio Tecnico Diego Mantecca,c:0t.c|tenant|fee46761-cf82-4a90-b13f-d2d440d07139
BRP_Studio Tecnico DUEGI,c:0t.c|tenant|329343c3-19e4-4175-8d47-357ca45d48c4
BRP_Studio Tecnico Giovanni Melati,c:0t.c|tenant|9673ac34-4409-48c8-ad25-ec05b842223c
BRP_Studio Tecnico Manuel Massardi,c:0t.c|tenant|d560dc5d-f9e3-4499-af1a-436e8d69ebb7
BRP_Studio Tecnico Martinato,c:0t.c|tenant|87c3924d-ca36-43d6-a98b-c19a1bde13c5
BRP_Studio termotec. Cavicchini,c:0t.c|tenant|9a36a5d2-e760-47f2-ae0c-4814ca25e042
BRP_Studio Termotecnico De Santis,c:0t.c|tenant|311853f2-ebe3-43fa-ab2f-d54f7b70901e
BRP_Studio Termotecnico Massimo Cozzoli,c:0t.c|tenant|9fef09dd-b692-42cd-a3ec-7d1eab5db148
BRP_STUDIO TERMOTEC. RAVELLI,c:0t.c|tenant|57b43cc3-07fe-473e-84dc-04fae3ed4a9d
"BRP_SUBTECH, s.r.o.",c:0t.c|tenant|c07d4150-5c28-4f92-84a3-56ec771386e0
BRP_SUDEST COLD S.r.l.,c:0t.c|tenant|09f63e15-c434-4bfe-99ce-9bb4442c946c
"BRP_Suministros Calefon, SL.",c:0t.c|tenant|7768051a-153a-40dd-999d-6629c4951529
"BRP_Sunstar Technology Co, Ltd",c:0t.c|tenant|71bafe73-2328-46f9-99c0-284375e07561
BRP_Suomen L�mp�pumpputekniikka Oy,c:0t.c|tenant|ce367677-d5e5-42d9-90ad-c9718e1a5830
BRP_SUSPRO s r o,c:0t.c|tenant|ab0acddd-2050-45f5-863a-a4aa0fa25b77
BRP_SUZHOU KITAILHIM ELECTORMECHANICAL EQUIMENT,c:0t.c|tenant|8a8aa921-2510-45ad-9e06-d2925823cc96
BRP_Svensk V�rme,c:0t.c|tenant|c39c957b-568e-4a6f-89b9-af99516346d9
BRP_SVM Associates,c:0t.c|tenant|5f389598-f428-41b8-87f9-77ac36003adf
BRP_Sweco Danmark A/S,c:0t.c|tenant|6a2c209f-face-4d54-9cd0-9ccc70e60ae0
BRP_Sweco Systems,c:0t.c|tenant|edba9f0f-9c82-46be-bfa6-0fbbf961668f
BRP_Sweco Systems AB,c:0t.c|tenant|963d197e-5faa-4410-9f73-3776724249c6
BRP_Sweco Talotekniikka Oy,c:0t.c|tenant|f2fad4aa-6a40-48e6-a981-d618a28bb746
BRP_Sweet Energy,c:0t.c|tenant|e7bff0c5-7800-468a-9034-c838a3609b5a
BRP_Swegon AB,c:0t.c|tenant|ed4482bf-89f8-454c-8c44-97b64dca95d4
BRP_Sydtotal i Malm� AB,c:0t.c|tenant|26c08d35-0fbc-4363-9bd8-aec6da29f4d7
BRP_Systherm,c:0t.c|tenant|ad1facb4-cbcd-49c9-aaba-8e05dd49a85c
BRP_Szegedi K & F kft.,c:0t.c|tenant|d61f4242-c540-426f-8be1-39f4dc54caaf
BRP_Taeguk E&T,c:0t.c|tenant|dde2808e-2271-499f-8c6f-8df468290ab9
BRP_Taiyousuiken inc.,c:0t.c|tenant|3e17da88-2ff0-4ffa-be2b-5802ab61d1f4
BRP_Tamburoni Ing.Carlo,c:0t.c|tenant|4d7f5748-3644-4fdc-b01e-210571ed9b57
"BRP_Tatramat - ohrieva?e vody, s.r.o.",c:0t.c|tenant|3cd27498-bb3e-4a3a-bf47-29075cc838be
BRP_TC SERVICES,c:0t.c|tenant|b3c1b993-3cf4-4813-b09e-d6b3a48aa184
BRP_TEA Sei SrL,c:0t.c|tenant|521e709f-593d-44d9-99a4-a46071aeb15b
BRP_Techning d.o.o.,c:0t.c|tenant|61b13d08-eaa4-49cf-89f4-180ea56697cf
BRP_Technische Unie,c:0t.c|tenant|b8352826-2270-4e4e-a8a3-05f85ab0b714
BRP_Techno Studio,c:0t.c|tenant|81d1a532-69d9-4696-948b-f5e0e187c792
BRP_Techprilad NVP LTD,c:0t.c|tenant|64ba34c0-96aa-4afe-a389-43f8974084a3
BRP_Tecne Engineering srl,c:0t.c|tenant|156af617-2629-424b-86be-322f4198ba37
BRP_T�CNICA Y MATERIALES S.A.,c:0t.c|tenant|52042bd9-cc86-4f18-bc23-7934eba6bab6
BRP_Tecno Impianti 2009 srl,c:0t.c|tenant|3247ed84-da6b-45ca-8c03-35eff00c181c
BRP_Tecnomaster Snc,c:0t.c|tenant|69c797ea-1cd8-4afc-9465-0d48e6592c9e
BRP_Tecno Refrigeration S r,c:0t.c|tenant|b097d67b-9c6f-4aab-a150-62a54180d56b
"BRP_Tecnot�rmica, S.A.",c:0t.c|tenant|492fa346-66a7-43fa-9685-f3a9863a9f77
BRP_TECSUL REPRES. COMERCIAIS LTDA.,c:0t.c|tenant|1dd5648b-ccc9-403f-a836-d6ae43f4b4a1
BRP_Tedom a.s.,c:0t.c|tenant|8eb50b79-bb55-4465-aea7-9c2161e3a996
"BRP_TEGASCA, S.L.",c:0t.c|tenant|6efb8561-8cb5-4ef4-b5f9-945d58fb3cf1
BRP_TEHNOCLIMA SRL,c:0t.c|tenant|e43f30f2-c889-46ad-a452-9e6c5b6a2e3b
BRP_Tekhnologichnie Resheniya,c:0t.c|tenant|f0c48e44-a93c-4d77-9aaf-ba885f169dc7
BRP_Teknikon,c:0t.c|tenant|226f2a8e-cc02-4ba8-bc90-86f93ec21926
BRP_Teknotherm Refrigeration AB,c:0t.c|tenant|3269c19d-f606-4c73-838b-4a650a0e248b
BRP_TEKO Gesellschaft. f. K�ltetechnik mbH,c:0t.c|tenant|331b7ef5-714a-4844-81fa-0236e0183ee1
BRP_Teo-Kyl Sweden AB,c:0t.c|tenant|23ec9d23-c62c-40f9-8841-d9aeb2790f27
"BRP_Teploprojekty, s.r.o.",c:0t.c|tenant|115d1416-666f-41cf-b5bd-0aa545e837bd
BRP_Terma UAB,c:0t.c|tenant|e563e9b5-e690-4d05-9148-c93ea57bdd3c
BRP_Termoburgos,c:0t.c|tenant|ec7fb6a3-7015-4e91-9416-2c4b8b028e22
BRP_Termoclub,c:0t.c|tenant|29a25c23-449a-4ac9-96dc-44990e1d21c5
BRP_Termoequipos,c:0t.c|tenant|64e92231-4605-4113-9013-8d46eac5bca1
BRP_Termonta Praha a s,c:0t.c|tenant|6d8dbd85-ee06-45d9-8803-beb6737519eb
BRP_Termoszerviz Kft,c:0t.c|tenant|b5400cf6-5364-49c0-8cf4-d8bd8950984b
BRP_Termotecnia-Projectos e Equipamentos,c:0t.c|tenant|f2cffafb-3c1c-4ed3-b83f-e5edc0c9a9b4
"BRP_TERMOVIGODI, S.L.",c:0t.c|tenant|6bf92eb3-1baf-4bae-97c0-94950c079441
BRP_Term Servis,c:0t.c|tenant|5428e364-956a-4151-bec5-125212466ad5
BRP_Termtech AS,c:0t.c|tenant|b17a888e-d8dd-417c-bbe2-e3fb7659d9c3
BRP_Teselen S.L.,c:0t.c|tenant|883f6be2-2079-4d95-a81c-547808ab4e5c
BRP_Tesko Teknik Sogutma A.S.,c:0t.c|tenant|feb466f2-6d95-46a1-bda1-15e254c634e4
BRP_TEWIS,c:0t.c|tenant|735f3aa5-465c-4c93-8490-8da74756988c
BRP_TGA Consulting Engineers,c:0t.c|tenant|248068f8-73fa-4328-ba1f-110277c03c4b
BRP_TGA Consult Kft.,c:0t.c|tenant|ba446533-7d0a-4f50-9be6-93b9e9f66a6d
BRP_The New Ball Bearing Co.,c:0t.c|tenant|f1636e4f-989a-43e5-aa18-fc79ab01cd88
BRP_The New Ball Bearing Company,c:0t.c|tenant|f4c958d4-3ac1-46db-8cab-39f23ac15dba
BRP_Thermaflow Ltd,c:0t.c|tenant|9fa2ad9d-52ac-4b28-b99f-441e8a14f20d
BRP_Thermaflow Sdn Bhd,c:0t.c|tenant|358b9fb8-a68b-4bc4-86c5-7de9c9275c13
BRP_Therma Klim,c:0t.c|tenant|7f473bd3-4c2a-4a9c-b361-a5ac088cced9
BRP_Thermal Integration Ltd,c:0t.c|tenant|acc92204-28f5-45e9-8155-3a0c1501d7ad
"BRP_Thermal-Inter Industrial Mexicana, S.A. de C.V.",c:0t.c|tenant|88184038-f1c2-436b-b2c7-6459ec5c4cce
BRP_Thermal Planet,c:0t.c|tenant|68151624-cad8-4bb8-9e60-9feb39902ce3
BRP_THERMODUL Termelo es Szolgaltato Kft.,c:0t.c|tenant|eda0588c-e1b5-4958-924a-5c0195b4308e
BRP_Thermonova,c:0t.c|tenant|985c94cb-a1da-41c7-974b-122e9b0c26c8
BRP_Thermozone Technical Services LLC,c:0t.c|tenant|701ef55a-fb94-4365-8099-125b086e1271
BRP_Thinkflow Oy,c:0t.c|tenant|d2227e68-7283-440f-8d47-a3245e89e55b
BRP_Thornley & Lumb,c:0t.c|tenant|862533ca-ba3a-467b-a1db-4cf113f62716
BRP_Thuan Tien Electrical Machinery & Building Co Ltd,c:0t.c|tenant|b780ab75-f5ef-4a53-8d20-206bc66d3613
BRP_TMA for Industrial Supplies,c:0t.c|tenant|fc108ef4-ccb7-43d7-a6f0-4ddbafe171e2
BRP_TOFSCO YOUNGNAM,c:0t.c|tenant|584f239a-6504-4ab0-b280-13796247f1da
"BRP_TomMed, s.r.o.",c:0t.c|tenant|1b77f353-5c66-49f4-aad3-01d0b87cd309
BRP_T�rnlinds vvs,c:0t.c|tenant|d5f56108-5f22-443c-9f96-533345490b2b
BRP_Torraval Cooling,c:0t.c|tenant|4ed51612-4b7f-4ec0-8fbb-6ca670f1e389
BRP_TOSL (Trinidad & Tobago),c:0t.c|tenant|f74fd93c-7bb1-4f37-9a0a-3c61068ef0a7
"BRP_Tozai Trading Co., Ltd",c:0t.c|tenant|a8466a87-2ec0-4d48-9925-766db2856830
BRP_TRANE ITALIA SRL,c:0t.c|tenant|1bab6040-1e4c-460b-a820-6881faad598f
BRP_Trias Westland BV,c:0t.c|tenant|7509c6e0-5ff3-4900-a293-5a6338f122c8
BRP_Tri Tin Industries Co Ltd,c:0t.c|tenant|5ce8a8f1-be80-4394-95bb-d2083aae6b7b
BRP_Troup Bywaters and Anders,c:0t.c|tenant|ba009258-2b8d-44c1-aa0e-ae5777c497ac
BRP_T�rk Havac?l?k ve Uzay Sanayi A.?.,c:0t.c|tenant|9f7fb59a-a6a3-4189-a8f7-8eb8e6dcac1a
BRP_Tuvain,c:0t.c|tenant|e6820555-1df2-4160-9338-07dd3fa9a070
BRP_TUV SUD Ltd,c:0t.c|tenant|545cb9dd-9b09-495a-8bf6-7171d74a3ea0
BRP_Tyr�ns AB,c:0t.c|tenant|15993d0d-9fd8-4f42-8606-4de76c9f6cd8
BRP_Unitermak M�hendislik A.S.,c:0t.c|tenant|16accfdb-db73-432b-b543-012e31eb1a1d
BRP_Unit Korea Co. Ltd.,c:0t.c|tenant|c06c96ba-5816-4bcc-b393-ac3c3cef989c
BRP_UNIVAR Poland Sp. z o.o.,c:0t.c|tenant|e6d5718c-b1a7-4467-bcdf-10f9af95cd7f
BRP_Unopomp Muhendislik Insaat Turizm,c:0t.c|tenant|e4ad3df4-d9c2-4ac8-b1e0-2de2bcf93b9d
BRP_Vacon Oy,c:0t.c|tenant|71f05a4b-ff32-4ff4-899a-d6f95a5d44eb
BRP_VAE THERM spol. s r.o.,c:0t.c|tenant|c190be3f-9a43-4d41-b47c-40301ee2405d
BRP_Vallectric Ltd,c:0t.c|tenant|45e45784-108b-4eb8-89c9-346f5037e775
BRP_Valmark Sp. z o.o.,c:0t.c|tenant|22a626cf-086c-4bfd-8cc0-dc4209b4228d
BRP_Valmet AB,c:0t.c|tenant|75fff0f1-f0ce-4f34-ab24-4958259eb7ce
BRP_Valmet Technologies Oy,c:0t.c|tenant|33cda038-9c9d-4ae3-af53-285970ff2371
BRP_Van Marcke,c:0t.c|tenant|75cf0030-971a-4a7a-8751-cd7cab877d52
BRP_VAPORINOX INGENIERIA SRL (Bolivia),c:0t.c|tenant|77d61e71-c67d-4ce2-8754-aeee447aaf78
BRP_V�rmebaronen AB,c:0t.c|tenant|55728a85-a577-4638-8ef1-037735e4a123
BRP_V�rmev�xlare Service Syd AB,c:0t.c|tenant|22634c3a-23b9-4e3c-8143-147afeebbb32
BRP_Vasbetker Kft.,c:0t.c|tenant|152d6fee-4f9a-49ca-9e67-a5d36ea3aec9
"BRP_VASKO, SRIC",c:0t.c|tenant|d982cfc2-a89b-4e00-bc7f-0cd3bd901b44
BRP_VatBuz Isitma Sogutma ve...,c:0t.c|tenant|53950b62-2a21-41fb-9e2a-a57dbe34b183
BRP_Vecogest s.r.l,c:0t.c|tenant|1c55d1d0-82f7-420e-b653-d45d5a0402be
"BRP_VEDEYMA, S.L.",c:0t.c|tenant|bb830852-be26-49bb-80e6-2e0db631ba82
BRP_Vehmasputki Oy,c:0t.c|tenant|d5d900bc-b117-483b-8c73-526f60ebf870
BRP_Veskom spol s.r.o.,c:0t.c|tenant|95e82ef3-3bf2-4d9b-84fb-9ced134eb80d
BRP_Viessmann Kylm�j�rjestelm�t,c:0t.c|tenant|52dcea7b-a303-4444-af54-5c59993e8e27
BRP_Vink Koeltechniek B.V.,c:0t.c|tenant|654f4841-6511-469d-b3f7-7c812b0e1be4
BRP_VM Brasil Engenharia Ltda,c:0t.c|tenant|94336d26-3a24-478a-883d-2b9246226e61
BRP_V & M Chemfluid Sdn Bhd,c:0t.c|tenant|3a7920c6-ec99-47a3-ac74-b2e5b0ce3c8c
BRP_Voltas Technologies,c:0t.c|tenant|f2e854a6-c51a-4698-bb71-a530767d6d43
BRP_Voltas Technologies (Pty) Ltd,c:0t.c|tenant|0afef1da-0677-47d0-8d43-a9afd30eafca
BRP_Vostok-Zapad NPF,c:0t.c|tenant|ff7df41c-7abd-419a-872f-05a2f8332be7
BRP_VTL Valvotecnica Lombarda,c:0t.c|tenant|48e43c27-cc60-42fc-80ba-afe5415c6b74
BRP_VTL VALVOTECNICA LOMBARDA SRL,c:0t.c|tenant|d86b6791-39b2-4064-8e9a-b28a79b60b44
BRP_VVS Prefab AS,c:0t.c|tenant|59088e63-6245-49b2-90fc-e822bd882040
BRP_Wacon Europe B.V.,c:0t.c|tenant|2eb6977b-3f87-4411-9a46-12cd0a0ecc83
BRP_WAMAK s.r.o.,c:0t.c|tenant|b3654aea-7c92-4ecf-b264-317d5dee220c
BRP_Warma S.r.l.,c:0t.c|tenant|e851e197-bce3-4b39-b81c-9e71d5f01984
BRP_Warmflow Engineering Co Ltd,c:0t.c|tenant|010ff152-af2f-4643-a57a-4ab078a9e7ac
BRP_Watermiser Ltd,c:0t.c|tenant|8d5aad5f-3e67-4438-8429-50d1f39a75b1
BRP_Weatherite Manufacturing Ltd,c:0t.c|tenant|073b32c8-6dea-4ecd-8f64-e0c65af66279
"BRP_Winawin Engineering Co., Ltd",c:0t.c|tenant|2ba1e7e9-8210-43ef-b264-3d5804df9aa1
BRP_WONJIN,c:0t.c|tenant|94076e85-26ee-4ca4-9cf5-63c6ef1d3df5
BRP_WSP,c:0t.c|tenant|eeb9ff8f-adff-4ccd-b5ee-cf6b6041eaf2
BRP_WSP Buildings,c:0t.c|tenant|a6486806-5e23-4164-84f6-092879859878
BRP_WSP Consulting Engineers - Edinburgh,c:0t.c|tenant|9db1d79b-a334-4c33-94f2-b465aacd6ba5
BRP_WSP Consulting Engineers - Manchester,c:0t.c|tenant|fbed7f44-d718-48bc-960d-380847b4ba22
BRP_WSP Sverige AB,c:0t.c|tenant|1806eedd-baac-4d9e-bf80-468c3c21f8bf
BRP_WSP UK Ltd,c:0t.c|tenant|2457cae4-528a-49e7-a181-a711c20c37de
"BRP_Wuhan Gaoneng Thermal Technologies Co., Ltd",c:0t.c|tenant|8eaddc74-f478-4743-b16b-02d95b59738a
BRP_Wuhan Jierui Fluid Technology Co. Ltd.,c:0t.c|tenant|de207dfa-1968-4b91-8823-4dd48f6647b4
BRP_Wuppermann Hungary Kft,c:0t.c|tenant|148b76cc-068f-42f7-8066-38079cc9cb99
BRP_WYG Engineering Ltd - Leeds,c:0t.c|tenant|aab5e68d-7a72-457c-ae6a-c91d0e648191
BRP_WYG Engineering Ltd - Manchester,c:0t.c|tenant|808a38e2-4cdd-452e-affc-ff1eebbb1890
BRP_WYG Engineering Ltd - Nottingham,c:0t.c|tenant|2534fcf5-960e-4a0c-a642-883c52352f1b
BRP_XCO2 Energy Ltd.,c:0t.c|tenant|0635e8be-1e31-4260-ad63-3013e5b1880c
"BRP_Xi�n Hengrui Engineering Fluid Equipment Co., Ltd.",c:0t.c|tenant|98454cbd-4969-4b9b-92fd-eb9e246274c2
BRP_Xi'an Huixin Yuanmao Machinery Co. Ltd.,c:0t.c|tenant|a6263e41-3974-4ae9-b292-2800eaea622f
BRP_York Ukraine International,c:0t.c|tenant|0a07daa1-06bd-4eb1-8178-852d931ff97a
BRP_Youngshin Tech,c:0t.c|tenant|309efd66-2d3c-4776-9587-fc427dcfcb46
BRP_Youngsin Tech,c:0t.c|tenant|feff4578-2bf2-41f0-945a-6ea7968ef360
BRP_YPU Yapi Proje Uygulama,c:0t.c|tenant|15b41c6b-77bc-4920-bc80-e954262fa029
BRP_Zambello Riduttori S.r.l.,c:0t.c|tenant|5eced88d-90d2-4efe-b334-884e1b6c17f5
BRP_ZANOTTI SMART SOLUTIONS SL,c:0t.c|tenant|748f1139-70a7-4b7a-bcea-250d8b7328ff
BRP_ZANTIA,c:0t.c|tenant|f3c21452-a878-4238-928c-0411228fdd5a
BRP_ZEC Pabianice,c:0t.c|tenant|93857ed0-8062-4036-a362-39ae6b7ef16f
BRP_Zoppi S.r.l.,c:0t.c|tenant|f6a7c7c7-3e9d-42dd-ace9-d1ba2711bb75
BRP_Zutec Sp. z o.o.,c:0t.c|tenant|2a792080-46de-4110-b38d-c90c1382b7e4
Everyone except external users,c:0-.f|rolemanager|spo-grid-all-users/ed5d5f47-52dd-48af-90ca-f7bd83624eb9
EXT Guest Account Users,c:0t.c|tenant|953e17fd-d675-4593-a00b-f88079c8af53
Margareta Clementson,i:0#.f|membership|margareta.clementson@alfalaval.com